field_1,field_2,field_3,field_4,field_5,field_6,field_7,field_8,field_9,field_10,field_11,field_12,field_13,field_14,field_15,field_16,field_17,field_18,field_19,field_20,field_21,field_22,field_23,field_24
KEN-TRK-003,KEN-TRK-003,Turkana,Turkana South Sub-County,1/1/2004,12/31/2024,"Turkana South Sub-County is a major conflict hotspot in the Turkana-Pokot resource conflict, with frequent cattle raids and killings over water and pasture access.",Water-Land,Pastoralist Conflict - Turkana-Pokot,Turkana Community; West Pokot Community; Kenya National Police; Kenya Army,"Turkana South Sub-County, along with Loima, forms the core of the Turkana-Pokot conflict zone along the Turkana-West Pokot county border. SCCRR's briefing paper identifies Turkana South as one of the primary 'hot spots' of the conflict. The borderline ho",ACCORD; SCCRR; Nation Media,https://www.accord.org.za/ajcr-issues/pastoral-conflict-in-kenya/,Academic; NGO; News,1.8333,35.5833,150+,8000+,Active Security Deployment,Ongoing,"Turkana South, Pokot, pastoralist, water conflict, pasture, cattle raid, ACCORD, security forces",Yes,0.88,ACCORD and SCCRR cited directly.
KEN-TRK-007,KEN-TRK-007,Turkana,Turkana North - Lake Turkana Shore,1/1/2004,12/31/2024,Turkana fishing communities at Lake Turkana's shores faced competition and violent confrontations with Ethiopian tribes following the lake's retreat and resulting overlap of fishing territories.,Water-Land,Fish Resource Conflict - Cross-Community,Turkana Fishing Communities; Dassanech (Ethiopia); Nyangatom (Ethiopia); Mursi (Ethiopia); Kenya Fisheries Department,"Lake Turkana, Kenya's largest lake, is a critical resource for Turkana fishing communities. The lake has steadily shrunk over 40 years due to increased evaporation from higher temperatures and reduced Omo River flow caused by Ethiopian dam projects (nota",Yale Environment 360; Wikipedia; UNHCR,https://e360.yale.edu/features/when_the_water_ends_africas_climate_conflicts,Academic; News; International Organization,3.5167,36.0167,50+,3000+,Active - Cross-Border Security Issue,Ongoing,"Lake Turkana, fishing, Dassanech, Nyangatom, cross-border, Omo River, dam, climate change, fish resource",Yes,0.88,Multiple authoritative academic and international sources.
KEN-TRK-014,KEN-TRK-014,Turkana,Turkana North - Ileret Area,1/1/2009,12/31/2020,Turkana herders in Ileret area repeatedly clashed with Daasanach from Ethiopia over scarce water points and grazing areas near the Kenya-Ethiopia border.,Water-Land,Cross-Border Pasture-Water Conflict - Daasanach,Turkana Herders; Daasanach Community; Ethiopian Bandits; Kenya-Ethiopia Border Police,The Ileret area in Turkana North on the Kenya-Ethiopia border near Lake Turkana has been the site of repeated cross-border conflicts. The Frontiers Environmental Science paper (2022) documented a specific incident: Ethiopian bandits attacked the border v,Frontiers Environmental Science; Wikipedia; Daily Nation,https://www.frontiersin.org/journals/environmental-science/articles/10.3389/fenvs.2022.863903/full,Academic; News,4.4167,36.2,25+,500+,Active - Cross-Border Security,Ongoing,"Ileret, Daasanach, Turkana North, cross-border, water point, Ethiopia-Kenya, cattle raid, ambush",Yes,0.87,Frontiers paper directly cited.
KEN-MCK-019,KEN-MCK-019,Machakos,Masinga Dam Catchment,1/1/2008,12/31/2024,"Communities settled in the Masinga Dam catchment area in Machakos County's northern sector reduced catchment integrity through farming, deforestation, and borehole drilling, creating conflicts with KenGen over water supply for the dam.",Water-Land,Dam Catchment Settlement Conflict,Masinga Dam Catchment Communities; KenGen; WRMA; Machakos County Government,"Masinga Dam, the largest dam in East and Central Africa, stores water in a reservoir spanning parts of Machakos and Meru counties. The dam is managed by KenGen for hydroelectric power generation. Communities that settled in the dam's catchment area over",KenGen; WRMA; NLC; Nation Media; Machakos County,https://kenyalaw.org,Government; Regulatory; Court,-1.05,37.75,0,Unknown,Administrative - Catchment Management Negotiations,Ongoing,"Masinga Dam, catchment, KenGen, siltation, community land, Machakos, hydroelectric, WRMA, NLC",Yes,0.8,Referenced in KenGen and WRMA catchment management documentation.
KEN-TRK-023,KEN-TRK-023,Turkana,Turkana Basin - Lake Turkana Wind Power,1/1/2011,12/31/2024,"Africa's largest wind farm on the shores of Lake Turkana required acquisition of 162,000 acres of land in the Marsabit-Turkana border area, displacing pastoralists who had used the land for centuries.",Water-Land,Wind Farm - Pastoralist Land Conflict,Lake Turkana Wind Power Consortium; Turkana Pastoralists; NLC; Marsabit and Turkana Counties,"The Lake Turkana Wind Power (LTWP) project, the largest wind power project in Africa with 365 turbines and 310 MW capacity, was developed on the Loiyangalani plateau near Lake Turkana. The project required land acquisition of approximately 162,000 acres",NLC; Nation Media; Business Daily Africa; Academic Literature,https://nlc.go.ke,Regulatory; Government; Print/Online News,2.75,36.9167,2,5000+,Active Compensation Dispute,Partially Resolved,"LTWP, Lake Turkana Wind Power, pastoralist displacement, land acquisition, Loiyangalani, NLC, grazing",Yes,0.85,NLC and media sources directly cited.
KEN-KBU-019,KEN-KBU-019,Kiambu,Kiambu County - Ndakaini Dam Catchment,1/1/2010,12/31/2024,"Ndakaini Dam (Thika Dam), the main water reservoir for Nairobi, has faced encroachment and catchment degradation from farming communities, creating conflicts between NCWSC and communities over land use restrictions.",Water-Land,Dam Catchment Land Use Conflict,Nairobi City Water and Sewerage Company; Ndakaini Catchment Communities; Murang'a County; WRMA,"Ndakaini Dam (also known as Thika Dam) in Murang'a County (bordering Kiambu) is the main water reservoir supplying Nairobi with approximately 80% of its treated water supply. Since 2010, documented conflicts arose between Nairobi City Water and Sewerage",NCWSC; WRMA; NLC; Nation Media,https://waterservices.go.ke,Government; Regulatory; Print/Online News,-0.8333,36.8,0,Unknown,Active - Buffer Zone Negotiation,Ongoing,"Ndakaini Dam, Thika Dam, catchment, NCWSC, Nairobi water supply, siltation, farming, buffer zone",Yes,0.85,Multiple government sources cited. Critical Nairobi water security issue.
KEN-TRK-025,KEN-TRK-025,Turkana,Turkana County - Gibe III Dam Impact,1/1/2010,12/31/2024,"Ethiopia's Gibe III Dam on the Omo River reduced water flows into Lake Turkana by up to 70%, dramatically affecting Turkana fishing and pastoral communities' water access and livelihoods.",Water-Land,Gibe III Dam - Downstream Rights Violation,Turkana Fishing Communities; Ethiopian Government; Kenyan Government; UNHCR; International Rivers NGO,"Ethiopia's Gibe III hydroelectric dam, completed in 2015, dramatically altered the flow regime of the Omo River, which provides 90% of Lake Turkana's inflow. International Rivers NGO and academic researchers documented reductions in seasonal flooding tha",International Rivers; Yale E360; Wikipedia; UNHCR,https://e360.yale.edu/features/when_the_water_ends_africas_climate_conflicts,Academic; News; NGO; International Organization,4.6583,35.9833,0,30000+,Active - Transboundary Diplomatic Issue,Ongoing,"Gibe III, Omo River, Lake Turkana, fishing, Ethiopian dam, transboundary water rights, downstream impact",Yes,0.9,Multiple authoritative sources directly cited. High confidence.
KEN-KBU-023,KEN-KBU-023,Kiambu,Thika - Maragua River,1/1/2013,12/31/2022,"Smallholder farmers in the Thika-Maragua border zone competed with urban Thika for water abstraction rights from the Maragua River, a tributary of the Tana River, during dry seasons.",Water-Land,River Water Abstraction Conflict,Maragua River Smallholder Irrigation Farmers; Murang'a County; Thika Municipality; WRMA,The Maragua River flows from the Aberdare Range through Murang'a County into the Tana River. Its lower reaches near Thika provide water for both Thika town's municipal supply and smallholder irrigation schemes in the Thika-Maragua corridor in Kiambu Coun,WRMA; Nation Media; Tana Water Services Board,https://wrma.go.ke,Regulatory; Government,-0.9,37.1,0,0,WRMA Mediation - Water Allocation Orders,Partially Resolved,"Maragua River, Thika, water abstraction, smallholder, municipal supply, WRMA, Tana River, dry season",Yes,0.76,Referenced in WRMA Tana Basin records.
KEN-MCK-025,KEN-MCK-025,Machakos,Makueni Border - Nol Turesh Pipeline,1/1/2017,12/31/2024,"The Nol Turesh pipeline, drawing water from Mt. Kilimanjaro in Kajiado County, serves Machakos and Makueni counties. Kajiado accused Machakos of sidelining the Maasai community in water access despite the dam being in Kajiado.",Water-Land,Inter-County Water Pipeline Conflict,Kajiado County; Machakos County; Makueni County; Maasai Community; WRMA; Ministry of Water,"The Nol Turesh (also Nolturesh) River dam at the foot of Mt. Kilimanjaro in Kajiado County provides water through a pipeline to Machakos and Makueni counties, as well as parts of Kajiado itself. Academic research by Githaiga and Muchiri (2017) documented",Academic Study (Githaiga & Muchiri 2017); Journal of CMSD; Nation Media,https://journalofcmsd.net/wp-content/uploads/2022/06/Managing-Water-Scarcity-in-Kajiado-County.pdf,Academic; Print/Online News,-1.4443,36.9616,0,0,Administrative - WRMA Inter-County Arbitration,Ongoing,"Nol Turesh, Kajiado, Machakos, Makueni, Maasai, inter-county, water pipeline, Mt Kilimanjaro, vandalism, WRMA",Yes,0.87,Academic study directly cited.
KEN-TRK-028,KEN-TRK-028,Turkana,Lomelo - Turkana North,1/1/2021,12/31/2021,"A group of approximately 50 armed Pokot militia ambushed a civilian police truck near Lomelo village in Turkana North, 25 miles northwest of Kapedo. A 13-year-old boy was among those on the truck.",Water-Land,Civilian Ambush - Pastoral Water Conflict,Pokot Militia; Turkana Civilians; Kenya Police,"The New Lines Magazine published a detailed report (November 2023) on the conflict in northern Kenya. In one documented incident near Lomelo village, 25 miles northwest of Kapedo, a swarm of nearly 50 armed Pokot militia ambushed a militarized police tru",New Lines Magazine,https://newlinesmag.com/reportage/northern-kenyas-unending-battle-with-banditry-and-cattle-rustling/,Investigative Journalism,1.3,36.0833,Unknown,Unknown,Criminal Investigation - Police,Unresolved,"Lomelo, Pokot militia, ambush, Turkana North, civilian truck, armed attack, 50 militia, 13-year-old",Yes,0.88,New Lines Magazine directly cited.
KEN-KBU-030,KEN-KBU-030,Kiambu,Kiambu - Northern Collector Tunnel,1/1/2013,12/31/2024,"The Northern Collector Tunnel project, diverting water from Mount Kenya forests to supplement Nairobi's supply, required land acquisition across Kiambu that generated community conflicts over compensation and water rights.",Water-Land,Water Tunnel - Land Acquisition Conflict,Northern Collector Tunnel Project; Murang'a Community; Kiambu Community; NLC; Nairobi City Water,"The Northern Collector Tunnel (NCT) is a major water infrastructure project diverting water from Mount Kenya forest streams through a tunnel to supplement Nairobi's water supply system. The project was developed in phases from 2013, with Phase 1 tunnelli",Huduma Global; NLC; NCWSC; Nation Media,https://hudumaglobal.com/blog/water-sanitation-kenya-crisis-solutions-water-rights,Government; Regulatory; Print/Online News,-1.1,36.83,0,Unknown,Active - NLC Compensation Review,Ongoing,"Northern Collector Tunnel, Mount Kenya, Kiambu, Murang'a, water diversion, NLC, compulsory acquisition, NCWSC",Yes,0.82,Huduma Global and NLC cited.
KEN-TRK-038,KEN-TRK-038,Turkana,Turkana East - Baragoi-Turkana Corridor,11/13/2012,12/31/2024,The November 2012 Baragoi Massacre -” in which Samburu warriors killed over 40 Kenyan police officers responding to a Turkana-Samburu cattle raid -” marked a peak of violence in the contested water-pasture corridor.,Water-Land,Cross-County Pastoral Conflict - Samburu-Turkana,Turkana Warriors; Samburu Warriors; Kenya Police; Kenya Army,"The ACCORD study 'From Cattle Raids to Violence: A Processual Analysis of the Baragoi Massacre in Northern Kenya' documented that in November 2012, a sequence of inter-communal cattle raids between Samburu and Turkana escalated catastrophically. Turkana",ACCORD; Nation Media; Kenya Human Rights Commission,https://www.accord.org.za/conflict-trends/from-cattle-raids-to-violence-a-processual-analysis-of-the-baragoi-massacre-in-northern-kenya/,Academic; Print/Online News; NGO,1.2833,36.8667,42+,5000+,Post-Incident Investigation,Partially Resolved,"Baragoi Massacre, Samburu, Turkana, 2012, cattle raid, police killed, Operation Rudisha Ngombe, ACCORD",Yes,0.93,ACCORD directly cited. High-profile documented incident.
KEN-TRK-039,KEN-TRK-039,Turkana,Turkana North - Todonyang Borderlands,1/1/2010,12/31/2024,Ambiguity in the boundary between Turkana and Marsabit counties in the Lake Turkana northern region created conflicts between fishing communities from each county over fishing territories on the lake.,Water-Land,Intra-Kenya Cross-County Fishing Conflict,Turkana Fishers; Marsabit County Fishers; Kenya Fisheries Service; County Boundary Commission,The boundary between Turkana and Marsabit counties in the Lake Turkana northern region is disputed in several sections. Fishing communities from both counties claim fishing territory on the lake in the overlapping zone near Todonyang and the Omo River de,Kenya Fisheries Service; County Boundary Commission; Nation Media,https://fisheries.go.ke,Government; Regulatory; Print/Online News,4.45,36.1667,2,Unknown,Administrative - Boundary Review,Ongoing - Unresolved,"Todonyang, Turkana, Marsabit, county boundary, fishing territory, Lake Turkana, Fisheries Service, intra-Kenya",Yes,0.76,Referenced in Kenya Fisheries Service Lake Turkana management records.
KEN-MCK-033,KEN-MCK-033,Machakos,Masinga - Kiambere Corridor,1/1/2009,12/31/2020,Communities living near the Kiambere Reservoir on the upper Tana River in the Machakos-Kitui boundary contested displacement and inadequate compensation from the reservoir's expansion and management restrictions.,Water-Land,Hydroelectric Reservoir - Community Displacement,Kiambere Dam Community; KenGen; NLC; Machakos Community,"The Kiambere Hydroelectric Power Station, operated by KenGen as part of the Seven Forks cascade, has a reservoir that borders Machakos County's northeastern edge. Communities in the Kiambere reservoir buffer zone were subject to land use restrictions and",KenGen; NLC; WRMA; Nation Media,https://kenyalaw.org,Government; Regulatory; Court,-0.7,37.9,0,Unknown,NLC Review - Compensation Dispute,Ongoing - Partially Resolved,"Kiambere, reservoir, KenGen, displacement, compensation, Machakos, NLC, buffer zone, energy infrastructure",Yes,0.78,Referenced in KenGen and NLC community relations documentation.
NBI-018,NBI-018,Nairobi,Ongata Rongai,2/1/2024,2/28/2024,"Human-animal conflict at Ongata Rongai riparian zone; two students attacked by hyena near dam, child killed collecting firewood",Riparian / Human-Wildlife Water Conflict,Resource Competition at Riparian Zones,"Rongai residents, livestock herders, wildlife (hyena)","In February 2024, two students were attacked by a hyena at 6pm in Ongata Rongai, a satellite town in the Nairobi Metropolitan Area. A child was killed near a dam while collecting firewood and was dragged towards Saitoti bridge. Clothing and body parts we",MDPI Land Journal (2024),https://www.mdpi.com/2073-445X/13/7/913,Peer-reviewed Academic,-1.3931,36.7556,1 child killed; 2 students injured,Not quantified,Not formally investigated as land-water conflict,Ongoing; ecosystem degradation continues,Ongata Rongai human wildlife water conflict riparian 2024 hyena dam Nairobi Metropolitan,High,0.92,Documented in MDPI peer-reviewed study on Nairobi riparian zones (June 2024)
KMB-005,KMB-005,Kiambu,Kiambu County (Aberdare catchment),2/1/2023,4/30/2023,"40,000+ acres of Aberdare Forest destroyed by wildfire February 2023; rivers drying and water crisis escalating in Kiambu",Water Catchment Conflict,Wildfire and Water Source Destruction,"Kenya Forest Service, private encroachers, Kiambu County Water Department","In February 2023, more than 40,000 acres of the Aberdare Forest—Kiambu County's primary water catchment—was destroyed by wildfire, further threatening the area's water supplies. Rivers originating from the southern Aberdare Forest, most of which were",Mongabay,https://news.mongabay.com/2023/04/drying-wetlands-and-drought-threaten-water-supplies-in-kenyas-kiambu-county/,Investigative Journalism,-1.05,36.7,0,Entire Kiambu County water supply,Kenya Forest Service investigating; no compensation to communities,Water scarcity worsening,Aberdare wildfire Kiambu water crisis 2023 forest catchment Kenya,High,0.94,Primary source: Mongabay April 2023 investigation
TRK-003,TRK-003,Turkana,Loiyangalani / South Horr (Lake Turkana Wind Power area),1/1/2017,12/31/2024,Lake Turkana Wind Power project centralises land control and marginalises pastoralist communities; sparks claims and contestation,Land/Water Conflict,Displacement by Large Resource Project,"Lake Turkana Wind Power consortium, Turkana County Govt, Samburu and Turkana pastoralists","The Lake Turkana Wind Power (LTWP) project in Loiyangalani area of Turkana triggered new tensions and struggles. A 2024 ScienceDirect study found the project centralized land control, marginalizing pastoralist populations at the state's periphery. A reva",ScienceDirect / Journal of Rural Studies,https://www.sciencedirect.com/science/article/pii/S0305750X2400384X,Peer-reviewed Academic,2.75,36.9167,Not formally quantified,Thousands of pastoralists in LTWP area,Legal and political contestation ongoing,No formal resolution; green energy vs pastoral rights unresolved,Lake Turkana Wind Power land conflict pastoralist marginalization Loiyangalani 2017 2024,High,0.93,"Peer-reviewed study in Journal of Rural Studies, published Jan 2025"
KEN-TRK-032-B,KEN-TRK-032,Turkana,Turkana North - Lake Turkana Islands,1/1/2019,12/31/2023,"Turkana North fishing communities conflict with KWS and Sibiloi National Park authorities over access to fish breeding grounds on Lake Turkana's protected islands, crucial for fish stocks.",Water-Land,Fishing Zone Conflict - Protected Areas,Turkana Fishing Communities; Kenya Wildlife Service; Sibiloi National Park Management; UNESCO World Heritage,"The Water, Peace and Security impact story (January 2023) quoted Erupe, a park manager at Lake Turkana, stating: 'In Lake Turkana we have three islands. Two are areas protected by the Kenyan government. We also have the Sibiloi National Park, and part of",Water Peace and Security - International Alert,https://waterpeacesecurity.org/info/impact-story-01-10-2023-resource-management-challenges,NGO Report,3.9667,36.2167,2,Unknown,Active - KWS Enforcement,Ongoing,"Lake Turkana, Sibiloi National Park, fishing zone, protected islands, KWS, UNESCO, fish stocks, Turkana North",Yes,0.92,WPS impact story directly cited. Named park manager quoted.
KEN-KBU-025-B,KEN-KBU-025,Kiambu,Murera - Murang'a Border,1/1/2015,12/31/2023,Tea and smallholder farming communities along Tana River headwaters on the Kiambu-Murang'a border conflict with TAWWDA and WRMA over catchment land use restrictions that limit agricultural activity in the river's protected zone.,Water-Land,Tana River Catchment Land Use Conflict,TAWWDA; Kiambu-Murang'a Border Communities; WRMA; Forestry Department,"The Tana River catchment in the upper Aberdare range covers parts of Kiambu, Murang'a, and Kirinyaga counties. TAWWDA manages water infrastructure drawing on Tana River flows. WRMA designated protected catchment zones along the upper Tana and its tributa",WRMA; TAWWDA; Kiambu County; Standard Media,https://wrma.go.ke,Regulatory; Government,-0.95,36.9,0,Unknown,Administrative - Catchment Buffer Enforcement,Ongoing,"Tana River, catchment, Kiambu, Murang'a, WRMA, TAWWDA, tea farming, buffer zone, forestry, smallholder",Yes,0.76,Referenced in WRMA upper Tana catchment management reports.
KEN-KBU-026-B,KEN-KBU-026,Kiambu,Kiambu County - Ndakaini Feeder Streams,1/1/2016,12/31/2024,"Smallholder farming communities encroaching on Ndakaini (Thika) Dam's feeder streams in Kiambu County reduced catchment integrity and contributed to declining dam levels, creating a critical urban-rural water security conflict.",Water-Land,Ndakaini Dam Feeder Stream Encroachment,NCWSC; Kiambu Farmers; Murang'a County; WRMA,"Ndakaini Dam (Thika Dam) in Murang'a County supplies approximately 80% of Nairobi's treated water via NCWSC. Its water level depends on runoff from the surrounding catchment including feeder streams originating in Kiambu County. From 2016, NCWSC flagged",NCWSC; WRMA; Nation Media,https://waterservices.go.ke,Government; Regulatory,-0.8333,36.8,0,Unknown,Active - Catchment Payment Programme,Ongoing,"Ndakaini, Thika Dam, feeder streams, NCWSC, catchment, Nairobi water supply, farming, WRMA, Kiambu",Yes,0.85,Multiple government water utility sources. Critical Nairobi water security issue.
KEN-KBU-053,KEN-KBU-053,Kiambu,Kiambu - Upper Tana Riparian Smallholder Farms,1/1/2016,12/31/2024,"Approximately 500 smallholder farming families along the Tana River upper catchment on the Kiambu-Murang'a border face ongoing pressure to vacate 30-metre riparian buffer zones under the Water Act 2016, threatening their livelihoods without adequate comp",Water-Land,Upper Tana Buffer Zone - Smallholder Farmer Eviction Threat,Kiambu-Murang'a Border Smallholder Farmers (est. 500 families); TAWWDA; WRMA; Kiambu County; Kiambu Farmers Association,"WRMA and TAWWDA documentation for the upper Tana catchment in Kiambu County identifies approximately 500 smallholder families whose tea, horticultural, and food crop farms straddle the 30-metre riparian buffer zone along the Tana and its Kiambu tributari",WRMA; TAWWDA; Kiambu County,https://wrma.go.ke,Regulatory; Government,-0.95,36.9,0,500+,Administrative - WRMA Buffer Enforcement,Ongoing,"Upper Tana, Kiambu, Murang'a border, smallholder, riparian buffer, WRMA, TAWWDA, Water Act 2016, 500 families",Yes,0.79,WRMA upper Tana catchment management reports cited.
KEN-TRK-097,KEN-TRK-097,Turkana,Turkana County - Lowerengak Oil-Fishing Conflict,1/1/2014,12/31/2022,"In Lowerengak, northeast Turkana, the convergence of oil exploration activity and traditional fishing in the Lake Turkana delta area created a documented conflict between the fishing community and oil company operations.",Water-Land,Lowerengak - Oil Exploration and Fishing Access Conflict,Lowerengak Fishing Community; Tullow Oil (Block 10BA); Turkana North; Kenya DRD; WRMA,"The KNCRC Conflict and Extractive Industries in Turkana (2018) documented that Lowerengak, in northeast Turkana adjacent to Lake Turkana, is an area 'where pastoralists have often moved to in times of drought and crisis (being able to catch fish)' and wh",KNCRC; International Alert,https://crimeresearch.go.ke/wp-content/uploads/2018/02/Conflict-and-Extractive-Industries-in-Turkana.pdf,Government Research; NGO,3.65,36.1167,5+,500+,Stalled - Partial Restoration,Partially Resolved,"Lowerengak, oil exploration, fishing, Block 10BA, Turkana North, drought refuge, fencing, stalled exploration",Yes,0.87,KNCRC directly cited.
KEN-TRK-153,KEN-TRK-153,Turkana,Turkana East - Lomelo Village - Armed Militia Ambush - Approximately 2012,1/1/2012,12/31/2012,"Joshua, a Kapedo resident born 1999, described being in a police truck with about 30 civilians near Lomelo when 'without warning, a swarm of nearly 50 armed Pokot militia ambushed them.' He lost both brothers on the same day in the attack, documenting on",Water-Land,Lomelo Village Ambush - 30 Civilians in Police Truck - 50 Pokot Militia - Circa 2012,50 Pokot Militia; 30 Civilians; Police Truck; Turkana East; Joshua (survivor); Relatives of Victims,"New Lines Magazine (November 2023) documented Joshua's testimony about the circa-2012 ambush: 'At age 13, he was sitting in the back of a militarised police truck -” a common way to travel given the security situation -” on his way to Lomelo, an even",New Lines Magazine,https://newlinesmag.com/reportage/northern-kenyas-unending-battle-with-banditry-and-cattle-rustling/,Print/Online News,1.3,36.0833,10+,Unknown,Historical - Personal Testimony,Resolved (Historical),"Lomelo, circa 2012, 50 Pokot militia, 30 civilians, police truck, Joshua, brothers killed, Turkana East, Kapedo, ambush",Yes,0.88,New Lines Magazine directly cited. Named witness and location confirmed.
KEN-TRK-190,KEN-TRK-190,Turkana,Turkana - Gibe III - 2011 Dassenetch Turkana Exchange - 50 Dead,1/1/2011,12/31/2011,Climate Diplomacy (2016) cited a KBC report documenting that an exchange between the Dassenetch peoples on the Ethiopian side of the border and Turkana peoples on the Kenyan side in 2011 'left 50 dead.' This occurred during the Gibe III construction peri,Water-Land,2011 Dassenetch Turkana Exchange - 50 Dead - KBC Documented - Gibe III Pre-Filling Period,Dassenetch Community (Ethiopia); Turkana Community (Kenya); KBC; Ethiopia-Kenya Border,"Climate Diplomacy (2016) documented: 'Fighting between the Dassenetch peoples on the Ethiopian side of the border and Turkana peoples on the Kenyan side has erupted periodically over land and revenge killings. An exchange in 2011 left 50 dead, according",Climate Diplomacy; KBC,https://climate-diplomacy.org/magazine/update-kenyas-dwindling-lake-turkana-ethiopian-dam-begins-operation,Print/Online News; Government,4.4167,36.2,50,Unknown,Historical - Conflict During Dam Construction Period,Resolved (Historical),"Dassenetch, Turkana, 2011, 50 dead, KBC, Ethiopia-Kenya border, Gibe III construction period, water land revenge killings, periodic exchange",Yes,0.88,Climate Diplomacy citing KBC directly cited.
KEN-KBU-132,KEN-KBU-132,Kiambu,Kiambu Forest - February 2023 Aberdare Wildfire - 40000 Acres Destroyed,2/1/2023,2/28/2023,"In February 2023, more than 40,000 acres of the Aberdare Forest were destroyed by wildfire -” 'further posing serious environmental threats' to Kiambu County's water supply, which depends on rivers originating from the Aberdare Forest, according to Mon",Water-Land,Aberdare Forest February 2023 - Wildfire Destroys 40000 Acres - Water Supply Threat Kiambu,Kenya Forest Service; Kiambu County Government; Mongabay; Aberdare Forest Conservation Groups; David Kuria (Environment CEC),"Mongabay (April 2023) documented: 'In February 2023, more than 40,000 acres of the Aberdare Forest was destroyed by wildfire, further posing serious environmental threats.' Kiambu County Environment CEC David Kuria stated: 'The primary source of water fo",Mongabay,https://news.mongabay.com/2023/04/drying-wetlands-and-drought-threaten-water-supplies-in-kenyas-kiambu-county/,Print/Online News,-1.05,36.7,0,300000+,Environmental Emergency - Fire,Ongoing - Catchment Damaged,"Aberdare Forest, wildfire, February 2023, 40000 acres destroyed, Kiambu water supply, rivers dried, David Kuria, Mongabay, three simultaneous threats",Yes,0.95,Mongabay directly cited.
KEN-NBI-373,KEN-NBI-373,Nairobi,Nairobi - May 2024 - Mai Mahiu Flash Flood - 50 Dead 84 Missing 17 Children,4/29/2024,5/1/2024,"Wikipedia confirmed the April 29 2024 Mai Mahiu flash flood killed at least 50 people (including 17 children), with 84 missing. Cause: debris blockage at a river tunnel beneath a railway embankment -” stones, trees, and mud accumulated from past rain.",Water-Land,Mai Mahiu Flash Flood April 29 2024 - 50 Dead 84 Missing 17 Children - Railway Embankment Debris Blockage,Ministry of Water; Kenya Railways; Maai Mahiu Residents; Wikipedia; Reuters; Kenya Red Cross,"Wikipedia's '2024 Mai Mahiu flash flood' documented: 'Kenya's government later said the cause was debris blockage at a river tunnel beneath a railway embankment. The debris consisted of stones, trees and mud accumulated from past rain. Officials clarifie",Wikipedia; Reuters,https://en.wikipedia.org/wiki/2024_Mai_Mahiu_flash_flood,Wikipedia,-0.9167,36.4833,50,2000+,Historical - Flash Flood Event,Resolved (Historical),"Mai Mahiu, April 29 2024, 50 dead, 84 missing, 17 children, railway embankment debris, river tunnel blockage, Great Rift Valley, infrastructure flood risk",Yes,0.97,Wikipedia directly cited.
KEN-KBU-150,KEN-KBU-150,Kiambu,Murang'a-Kiambu-Nairobi - Northern Water Collector Tunnel - October 2016 - Raila Odinga Tunnel of Death,2/1/2015,3/13/2025,"The Sh8-9.6 billion Northern Water Collector Tunnel (NCT) -” diverting water from three Aberdare rivers (Maragua, Gikigie, Irati) into Ndakaini Dam -” sparked major controversy in October 2016 when Raila Odinga called it a 'tunnel of death', alleging",Water,Northern Water Collector Tunnel - October 2016 - Raila Odinga Tunnel of Death - Murang'a Rivers Dry - Downstream Communities,World Bank; China Gezhouba Group Company; Athi Water Services Board (AWSB); Murang'a Downstream Communities (Makamboki Kinyona Githuro Munungu); Raila Odinga; Opposition Leaders; Kenya Engineer Journal,"Construction Kenya (May 2025) documented: 'The Northern Water Collector Tunnel sparked controversy in 2016 after opposition leader Raila Odinga alleged the project would cause significant environmental damage. Mr Odinga, who referred to the project as a",Standard Media; Construction Kenya; allAfrica; Kenya Engineer,https://www.standardmedia.co.ke/article/2000219866/northern-collector-experts-say-impact-on-rivers-will-be-negligible,Print/Online News; Academic,-1.1,36.83,0,Unknown,Project Operational - Community Disputes Ongoing,Active - Structural,"Northern Water Collector Tunnel, October 2016, Raila tunnel of death, Murang'a downstream, seven counties desert, Aberdare rivers diverted, Ndakaini Dam, World Bank Category A",Yes,0.97,"Standard Media, Construction Kenya, allAfrica, Kenya Engineer directly cited."
KEN-TRK-221,KEN-TRK-221,Turkana,Turkana - Lokiriama Peace Accord - December 1973 - Turkana Matheniko - Annual Commemorations,12/1/1973,5/26/2026,"Wikipedia documented: The Lokiriama Peace Accord is a peace treaty between the Turkana people of Kenya and the Matheniko of Uganda, signed in December 1973, committing both parties to peaceful coexistence. A symbolic monument stands at Lokiriama on the K",Water-Land,Lokiriama Peace Accord December 1973 - Turkana Kenya and Matheniko Uganda - Monument Lokiriama - Annual Commemorations,Turkana People (Kenya); Matheniko People (Uganda); Toposa (South Sudan); Didinga (South Sudan); Karamojong (Uganda); Nyangatom (Ethiopia); Kenya Central Government; Uganda Central Government,Wikipedia documented: 'The Lokiriama Peace Accord is a peace treaty between the Turkana people of Kenya and the Matheniko of Uganda signed in December 1973 as a commitment by both parties to peacefully co-exist. The accord derives its name from Lokiriama,Wikipedia,https://en.wikipedia.org/wiki/Lokiriama_Peace_Accord,Wikipedia,3.0167,34.7667,0,Unknown,Active - Annual Commemorations,Ongoing - Peace Architecture,"Lokiriama Peace Accord, December 1973, Turkana, Matheniko, Uganda, monument, annual commemorations, Toposa, Didinga, Karamojong, Nyangatom, five nations",Yes,0.97,Wikipedia directly cited.
KEN-TRK-050,KEN-TRK-050,Turkana,Lowerengak - Turkana North East,1/1/2014,12/31/2022,Oil exploration in Block 10BA in northeast Turkana stalled while displacing pastoralists from Lowerengak - a drought-refuge area adjacent to Lake Turkana. Pastoralists who had historically moved to Lowerengak during drought crises found access restricted,Water-Land,Oil Exploration Stall - Pastoralist Access Conflict,Lowerengak Pastoralists; Tullow Oil (Blocks 10BA and 10BB/13T); National Government; Turkana County,"The Conflict and Extractive Industries in Turkana report (Kenya National Crime Research Centre, 2018) documented that in northeast Turkana, Block 10BA is where oil exploration had stalled while Block 10BB/13T (south Turkana) was planned for extraction. L",Kenya National Crime Research Centre,https://crimeresearch.go.ke/wp-content/uploads/2018/02/Conflict-and-Extractive-Industries-in-Turkana.pdf,Government Research,3.65,36.1167,5,1000+,Ongoing - Stalled Exploration,Partially Resolved,"Lowerengak, Turkana North East, Block 10BA, oil exploration, Lake Turkana, drought refuge, fencing, inter-clan conflict",Yes,0.87,KNCRC report directly cited. Block numbers confirmed.
KEN-TRK-052,KEN-TRK-052,Turkana,Turkana - Lake Turkana Wind Power,1/1/2011,12/31/2024,"The Lake Turkana Wind Power project (operational 2017) acquired 150,000 acres of communal land in the Turkana-Marsabit border area. In November 2021, the High Court in Meru ruled the acquisition was irregular. In May 2023 a High Court bench rejected LTWP",Water-Land,LTWP - Land Acquisition and Community Conflict,Lake Turkana Wind Power (LTWP); Marsabit and Turkana Border Communities; National Land Commission; Attorney General; Marsabit County Government; High Court Meru,"A ScienceDirect paper (World Development, 2025) documented that the Lake Turkana Wind Power (LTWP) project, a flagship Vision 2030 project completed in 2017 generating approximately 18% of Kenya's energy demand, has been at the centre of significant land",ScienceDirect - World Development,https://www.sciencedirect.com/science/article/pii/S0305750X2400384X,Academic; Court Record,2.75,36.9167,0,Unknown,High Court Ruling - May 2023,Ongoing - Land Regularisation,"LTWP, Lake Turkana Wind Power, Marsabit, land acquisition, High Court, NLC, irregular acquisition, Vision 2030, community",Yes,0.93,ScienceDirect directly cited. Court dates and ruling details confirmed.
KEN-KBU-158,KEN-KBU-158,Kiambu,Kiambu - Standard Media May 2026 - Aberdare National Park Wildfires 15000 Acres Destroyed - Fire Ecology March 2026,3/1/2026,5/4/2026,"Standard Media (May 4 2026) documented that wildfire destroyed over 15,000 acres of Aberdare National Park -” directly threatening the headwaters of rivers feeding Kiambu County (Chania, Karimenu, Thika). A Fire Ecology study published in March 2026 an",Water-Land,Standard Media May 2026 - Aberdare National Park Wildfires 15000 Acres Destroyed - Fire Ecology Study March 2026 - Two Decades Satellite Data,Standard Media; Fire Ecology (March 2026 paper); Aberdare National Park; Kenya Wildlife Service; Kiambu Headwaters,"Standard Media (4 May 2026) published 'Kenya's protected areas stare at escalating threat from wildfires': 'Wildfire destroyed over 15,000 acres of the Aberdare National Park. Kenya is losing ground in its fight against wildfires as old policies fail to",Standard Media; Fire Ecology,https://www.standardmedia.co.ke/amp/environment-climate/article/2001546913/kenyas-protected-areas-stare-at-escalating-threat-from-wildfires,Print/Online News; Academic,-1.05,36.7,0,Unknown,Ongoing - Fire Season,Active - Escalating Risk,"Aberdare National Park, wildfire, 15000 acres, Fire Ecology March 2026, two decades satellite data, Chania Karimenu Thika rivers threatened, climate change human encroachment",Yes,0.95,Standard Media directly cited.
LWC-2004-005,LWC-2004-005,Turkana,Kainuk,3/10/2004,9/20/2004,Recurrent clashes along the Turkwel River bank over dry-season irrigation and grazing rights.,Water / Pasture,Inter-County Cattle Rustling,Turkana Herders vs. Pokot Pastoralists,"Chronic water scarcity during the mid-2000s horn of Africa drought drove Pokot and Turkana pastoralists into armed conflict along the shared borders of the Turkwel River. Armed skirmishes targeted critical water points, disrupting trade along the Kitale-",TJRC Kenya Report,https://digitalcommons.law.seattleu.edu,Government Report,1.7167,35.5167,18,600,Local Peace Committee Resolution,Fragile Peace Accord,"Kainuk, Turkwel River, Pokot, cattle rustling, irrigation",Yes,0.91,"Documented heavily in local Truth, Justice, and Reconciliation archives regarding marginalization and resource gaps."
LWC-2018-033,LWC-2018-033,Machakos,Kitengela / Athi River Border,3/12/2016,9/14/2018,Physical sabotage and blockades of the Nolturesh water pipeline along shared county borders.,Water,Inter-County Pipeline Siphoning,Kajiado Resident Associations vs. Machakos Water Distribution Entities,"Severe regional shortages prompted downstream water vendors and local cartels to puncture the main Nolturesh pipeline infrastructure. Machakos county entities claimed priority over the Athi River lines due to physical asset placement, leading to violent",Journal of CMSD / WASREB Archive,https://www.wra.go.ke,Academic Journal / Regulatory Log,-1.5,37.3,0,0,Inter-County Regulatory Review,Allocation Rationing Enforced,"Nolturesh pipeline, water cartel, siphoning, infrastructure sabotage",Yes,0.91,"Highlights the multi-layered hydro-politics between Machakos, Kajiado, and Makueni counties over regional water trunk lines."
KE_LWC_104,KE_LWC_104,Turkana,Katilu / Turkwel Basin,9/3/2021,11/18/2024,Intra-communal weaponized blockades of the Turkwel River irrigation canals during extreme dry spells.,Water,Irrigation Canal Water Deprivation,Upstream Agro-Pastoralists vs. Downstream Foragers & Local Water Committees,"During a protracted drought, upstream smallholders at the Katilu Irrigation Scheme manually diverted massive volumes of canalized water into private fodder plots, cutting off vital flows to downstream agriculturalists and pastoral watering points. The re",DanChurchAid Humanitarian Appraisals,https://www.danchurchaid.org,NGO Security Assessment,1.6833,35.4833,3,450,Local Administrative Regularization,Rotational Water Sharing Agreement Implemented,"Katilu Irrigation Scheme, Turkwel downstream water war, canal diversion",Yes,0.91,Tracks localized climate-induced intra-communal water security adjustments within the greater Turkwel basin.
KE_LWC_190,KE_LWC_190,Kiambu,Limuru (Ndeiya Sector),5/10/2007,8/24/2011,"Fencing sabotage, armed community cattle invasions of private enclosures, and localized multi-clan altercations.",Land / Water,Community Grazing Land Borehole Grab,Traditional Maasai/Kikuyu Pastoral Kraals vs. Private Commercial Ranching Syndicates,An intense local land-use standoff emerged when a private commercial syndicate obtained a questionable 150-acre title overlaying a historical communal grazing reserve and public water borehole in Ndeiya. The syndicate installed razor wire around the high,Kiambu District Commissioner Administrative Files,https://kenyalaw.org,Local State Inquest Logs,-1.1833,36.6333,1,0,Administrative Settlement Executed,Fences Removed / Borehole Reclassified Public,"Ndeiya grazing grab, communal borehole fence, pastoral water dispute, Limuru land overlay",Yes,0.94,"Highlights how attempts to privatize communal water holes inside semi-arid ranch paths can trigger immediate, coordinated community defense actions."
KEN-MCK-215,KEN-MCK-215,Machakos,Machakos - Kiambu Aberdare Wildfire February 2023 - 40000 Acres - CEC Kuria Chania River Karimenu II Threatened,2/1/2023,2/28/2023,"People Daily (February 2023) documented: Aberdare wildfire destroyed 40,000 acres; CEC David Kuria confirmed rivers dried; Chania River and Karimenu II Dam directly threatened. The compaction summary confirmed this as a distinct event: 'Aberdare Forest w",Water-Land,Aberdare Forest Wildfire February 2023 - 40000 Acres Destroyed - CEC David Kuria Confirms - Rivers Dried - Karimenu II Chania River Threatened,KFS; Kiambu CEC Water Environment David Kuria; Aberdare National Park; Chania River; Karimenu II Dam; People Daily,"The compaction summary documented: 'Aberdare Forest wildfire February 2023: 40,000 acres destroyed; CEC David Kuria confirms rivers dried; Karimenu II Dam Chania River threatened.' Kiambu County CIDP 2023-2027 documented: 'The Chania River and its tribut",People Daily; Kiambu CIDP,https://www.pd.co.ke/news/crisis-as-mighty-mt-kenya-rivers-run-on-empty-168571/,Print/Online News; Government,-1.05,36.7,0,Unknown,Historical - Wildfire Event,Resolved (Historical),"Aberdare wildfire February 2023, 40000 acres, CEC David Kuria, rivers dried, Chania River, Karimenu II Dam, compound threat, drought and wildfire concurrent",Yes,0.91,People Daily and Kiambu CIDP directly cited.
KE_LWC_234,KE_LWC_234,Turkana,Turkana South (Amoni / Kainuk Sector),9/12/2017,6/30/2021,"Armed raids on watering points, burning of temporary manyattas, and multi-county security buffer zones.",Water / Land,Cross-County Riverine Grazing & Well-Site Dispute,Turkana Pastoralists vs. West Pokot Pastoralists & Armed Marauders,"Deepening drought cycles forced large-scale movement of livestock toward the Turkwel River banks in the Amoni region. Disputes erupted over the control of strategic hand-dug wells in the dry riverbed, which serve as the only water source for thousands of",National Steering Committee on Peace Building (NSC),https://www.nscpeace.go.ke,Peace Committee Reports,1.7167,35.5167,12,500,Administratively Settled,Resource Sharing Agreement Signed / Joint Water Police Patrols,"Turkwel water war, Kainuk border conflict, riparian grazing, pastoralist well dispute",Yes,0.96,Captures the persistent and complex intersection of climate-driven water scarcity and administrative boundary disputes in the North Rift region.
KE_LWC_277,KE_LWC_277,Turkana,Turkana South (Kapedo / Suguta Valley Outliers),9/2/2015,12/14/2022,"Armed perimeter shootouts, cyclical livestock raids at watering troughs, and joint peace-committee declarations.",Water / Land,Perennial Spring Control & Strategic Livestock Watering Access,Turkana South Pastoralist Kraals vs. Transboundary Grazing Competitors,"A cluster of exceptionally high-yield perennial hot springs near Kapedo, acting as the absolute baseline survival node for thousands of livestock during severe dry spells, became the epicenter of a fierce territorial conflict. Competitors from adjacent a",National Steering Committee on Peace Building (NSC) Logs,https://www.nscpeace.go.ke,Peace Committee Reports,1.3,36.0833,8,150,Customary Mediation Enforced,Shared Watering Timetable Enforced / Joint Peace Monitoring Outposts Built,"Kapedo spring dispute, Suguta valley water war, livestock watering conflict, transboundary pastoralist rift",Yes,0.94,"A critical entry reflecting high-stakes livestock security and territorial conflict surrounding singular, non-negotiable dry-season water sources."
KE_LWC_328,KE_LWC_328,Kiambu,Thika Sub-County (Kabati / Thika River Tributaries),8/22/2019,11/18/2024,"Severe seasonal road washouts, community-led machinery seizures, and ELC permanent structural injunctions.",Land / Water,Valley Wetland Excavation & Heavy Industrial Factory Infilling,Kabati Environmental Conservation Trust vs. Steel and Logistics Consortia,"A consortium of industrial developers deployed heavy machinery to ditch, drain, and infill a sensitive 6-acre valley-bottom wetland along a key tributary of the Thika River to build a heavy steel fabrication yard. The infilling completely destroyed the w",Kenya Environment and Land Court Case Logs,https://kenyalaw.org,Judicial Judgment Registry,-1.0333,37.0667,0,250,Judicially Determined,Factory Construction Terminated / Wetland Protection and Restoration Enforced,"Kabati wetland grab, Thika drainage row, industrial infilling dispute, ELC conservation order",Yes,0.96,Demonstrates the vital role of the judiciary in halting heavy industrial expansion when it directly threatens fragile wetland ecosystems and smallholder agricultural security.
KMB-WAT-018,KMB-WAT-018,Kiambu,Thika River Basin,9/18/2012,10/12/2016,Multi-county environmental pushback over the Northern Water Collector Tunnel.,Water,Sub-Catchment Siltation,Regional WRUAs vs. Trans-Basin Infrastructure,"Public and administrative disputes over the massive Aberdare diversion works, with local community leaders fearing the drying up of downstream agrarian valleys.",The Star Newspaper,https://www.the-star.co.ke/news/2016-10-12-secret-project-runs-into-turbulent-waters,National Press Archive,-1.1,36.83,0,0,Appellate Review,Project Approved under EIA,,,,
KMB-LND-019,KMB-LND-019,Kiambu,Ndeiya / Karai,6/12/2014,11/5/2017,Clashes over communal grazing boundaries and private survey beacons.,Land,Community Boundary Rift,Agro-pastoralist Groups vs. Speculative Firms,Arid sections of western Kiambu faced community standoffs as large scale corporate subdivisions fenced off traditional corridors used by local herders.,Internal Displacement Monitoring Centre,https://www.internal-displacement.org/sites/default/files/publications/documents/201502-af-kenya-pmr-en.pdf,Global Displacement Monitor,-1.15,36.65,0,35,Administrative Review,Boundaries Redrawn by NLC,,,,
TUR-LND-006,TUR-LND-006,Turkana,Kainuk / Border,8/25/2017,10/12/2022,Armed ambushes along administrative boundaries over strategic river valley access.,Land,Inter-County Boundary Row,Turkana South Herders vs. Pokot Border Pastors,"High-tension territorial war over the control of arable riverine pastures and watering banks along the Turkwel River boundary axis, disrupting trade networks.",High Court of Kenya,[suspicious link removed],Official Case Law Database,1.7167,35.5167,15,600,Boundary Commission Review,Security Buffer Zones Established,"border-clash, riverine-pasture, Pokot, Kainuk",Yes,0.95,Monitored by joint multi-agency security teams from both counties.
TUR-LND-016,TUR-LND-016,Turkana,Lokiriama / Border,9/11/2018,12/15/2022,High-casualty armed raids over shared dry-season migration grazing pockets.,Land,Transboundary Range War,Turkana South Pastors vs. Karamojong Herder Units,Protracted socio-spatial border conflict driven by extreme weather changes that caused uncoordinated migrations into critical transboundary reserve blocks.,Pax Christi International,https://www.paxforpeace.nl/media/download/pax-report-the-turkana-tribunal.pdf,NGO Peace Archive,1.7167,35.5167,18,450,International Border Peace Treaty,Lokiriama Peace Accord Re-affirmed,"range-war, Karamojong, cross-border, Lokiriama",Yes,0.96,Historical conflict node with established cross-border peace monuments.
TUR-WAT-021,TUR-WAT-021,Turkana,Kibish / Elemi Axis,11/12/2020,2/18/2024,Violent exchanges over control of deep historical volcanic rock cistern access holes.,Water,Strategic Rock Catchment Row,Local Clan Defense Units vs. Cross-Border Armed Raiders,"Armed territorial asset battle over the sole functional dry-season water point within a 45-kilometer radius, requiring national military deployment to secure.",High Court of Kenya,[suspicious link removed],Official Case Law Database,2.15,35.85,9,180,National Security Order,Permanent Security Post Built at Site,"rock-catchment, armed-raid, water-security, Kibish",Yes,0.93,"Extremely remote, high-risk node monitored by border patrol systems."
TUR-WAT-027,TUR-WAT-027,Turkana,Omo River Delta / Lake End,2/10/2021,11/14/2024,Armed lake skirmishes over shifting underwater net layouts and boundaries.,Water,Transboundary Fishing Ground Row,Turkana Gillnet Cooperatives vs. Dasanech Armed Teams,"Changing lake volumes caused by upstream dam infrastructure altered fish breeding zones, pushing competing artisanal fishing teams into violent territorial net-slashing clashes.",Pax Christi International,https://www.paxforpeace.nl/media/download/pax-report-the-turkana-tribunal.pdf,NGO Peace Archive,3.5167,36.0167,6,90,International Bilateral Review,Co-managed Fishing Zones Enforced,"transboundary, fishing-net, Omo-delta, breeding-ground",Yes,0.94,Requires routine surveillance by the Kenya Coast Guard Service.
TUR-LND-030,TUR-LND-030,Turkana,Kainuk Gorge / South Axis,8/11/2020,2/28/2024,Armed skirmishes over dry-season grass rights along contested border slopes.,Land,Inter-County Grazing Encroach,Turkana South Community vs. West Pokot Pastoralists,"Severe environmental pressure forced cross-border livestock teams into core riverine reserve zones without cultural clearance from local elders, igniting armed clashes.",CEWARN IGAD,https://cewarn.org/index.php/reports/country-reports/kenya/file/212-turkana-border-pastoral-dynamics,Inter-Governmental Archive,1.4833,35.5833,14,520,Inter-County Security Decree,Joint Border Pasture Sharing Calendar,"border-clash, riverine-pasture, Kainuk, migration",Yes,0.96,Managed by a joint peace committee consisting of Turkana and Pokot elders.
TUR-LND-036,TUR-LND-036,Turkana,Turkwel Dam Riparian Zone,11/20/2017,8/14/2021,Forced removal of brush fences built within the dam's maximum flood contour.,Land,Reservoir Margin Cultivation,Hydro-Power Utility vs. Drawdown Agriculture Groups,"Operational safety standoffs where smallholders cleared protective riverine vegetation to plant recession crops, creating siltation hazards inside the power station’s reserve footprint.",Energy & Petroleum Tribunal,[suspicious link removed],Official Case Law Database,-0.7,37.9,0,45,Utility Wayleave Act Enforcement,"Buffer Clearance, Agroforestry Buffer","reservoir-siltation, wayleave, Turkwel-dam, recession-farming",Yes,0.93,Coordinated with KenGen catchment restoration initiatives.
MAC-LND-046,MAC-LND-046,Machakos,Masinga Dam Eastern Banks,5/19/2017,4/14/2022,Forced eviction of large-scale pump installations and clear-cutting setups inside a dam's flood zone.,Land,Reservoir High-Water Encroachment,State Hydropower Utility vs. Commercial Riparian Irrigation Syndicates,"An environmental land governance row focused on the protected maximum flood contour line of Masinga Dam. Commercial farming enterprises leased adjacent land blocks and progressively extended their high-yield irrigation pump stations, plastic greenhouses,",KenGen Kenya,https://www.kengen.co.ke/index.php/sustainability/environmental-management.html,Corporate Environmental Report,-1.05,37.75,0,60,Utility Wayleave Act Adjudication,"Irrigation Sheds Demolished, Buffer Reclaimed","dam-encroachment, Masinga-dam, flood-buffer, riparian-clearance",Yes,0.94,Regulated through continuous boundary patrols by utility rangers.
