Record_ID,geo_county,geo_subcounty
KEN-NBI-001,Nairobi,Kilimani
KEN-NBI-002,Nairobi,Kilimani
KEN-NBI-003,Nairobi,Makadara
KEN-NBI-004,Nairobi,Kilimani
KEN-NBI-005,Nairobi,Kilimani
KEN-NBI-006,Nairobi,Kilimani
KEN-NBI-007,Nairobi,Kilimani
KEN-NBI-008,Nairobi,Langata
KEN-NBI-009,Nairobi,Kilimani
KEN-NBI-010,Nairobi,Mathare
KEN-NBI-011,Nairobi,Langata
KEN-NBI-012,Nairobi,Embakasi South
KEN-NBI-013,Nairobi,Kasarani
KEN-NBI-015,Machakos,Mavoko
KEN-KBU-002,Kiambu,Ruiru
KEN-KBU-003,Nairobi,Roysambu
KEN-KBU-004,Kiambu,Lari
KEN-KBU-005,Kiambu,Lari
KEN-KBU-006,Nairobi,Westlands
KEN-KBU-007,Kiambu,Thika Town
KEN-KBU-008,Kiambu,Kiambu
KEN-MCK-008,Machakos,Matungulu
KEN-NBI-018,Nairobi,Ruaraka
KEN-NBI-019,Nairobi,Makadara
KEN-NBI-020,Nairobi,Mathare
KEN-NBI-021,Nairobi,Kilimani
KEN-KBU-009,Kiambu,Juja
KEN-KBU-010,Kiambu,Kiambaa
KEN-NBI-022,Nairobi,Westlands
KEN-NBI-023,Nairobi,Embakasi Central
KEN-KBU-011,Nairobi,Westlands
KEN-NBI-025,Nairobi,Starehe
KEN-KBU-012,Kiambu,Juja
KEN-MCK-014,Kiambu,Thika Town
KEN-NBI-026,Nairobi,Kilimani
KEN-NBI-027,Nairobi,Westlands
KEN-KBU-013,Kiambu,Thika Town
KEN-NBI-028,Nairobi,Roysambu
KEN-KBU-014,Kiambu,Kikuyu
KEN-NBI-030,Nairobi,Kasarani
KEN-KBU-015,Nairobi,Westlands
KEN-NBI-031,Nairobi,Starehe
KEN-KBU-016,Kiambu,Juja
KEN-NBI-033,Nairobi,Kilimani
KEN-NBI-034,Nairobi,Kilimani
KEN-KBU-017,Kiambu,Githunguri
KEN-NBI-035,Nairobi,Embakasi Central
KEN-KBU-018,Kiambu,Juja
KEN-NBI-037,Nairobi,Kamukunji
KEN-NBI-039,Nairobi,Mathare
KEN-NBI-041,Nairobi,Kibra
KEN-NBI-042,Nairobi,Kilimani
KEN-NBI-044,Nairobi,Starehe
KEN-NBI-045,Nairobi,Kilimani
KEN-NBI-047,Nairobi,Mathare
KEN-NBI-048,Nairobi,Ruaraka
KEN-NBI-049,Nairobi,Mathare
KEN-NBI-050,Nairobi,Starehe
KEN-KBU-020,Kiambu,Lari
KEN-KBU-021,Kiambu,Lari
KEN-KBU-022,Kiambu,Gatundu South
KEN-KBU-024,Kiambu,Gatundu North
KEN-KBU-025,Kiambu,Gatundu North
KEN-KBU-026,Kiambu,Juja
KEN-MCK-023,Machakos,Kangundo
KEN-NBI-051,Nairobi,Kasarani
KEN-NBI-053,Machakos,Mavoko
KEN-KBU-027,Kiambu,Ruiru
KEN-KBU-029,Kiambu,Juja
KEN-MCK-030,Kiambu,Juja
KEN-NBI-054,Nairobi,Makadara
KEN-NBI-055,Kiambu,Kiambu
KEN-NBI-056,Nairobi,Mathare
KEN-NBI-058,Nairobi,Embakasi East
KEN-KBU-032,Kiambu,Lari
KEN-NBI-059,Nairobi,Kilimani
KEN-NBI-060,Nairobi,Kamukunji
KEN-KBU-033,Kiambu,Juja
KEN-NBI-062,Nairobi,Kasarani
KEN-KBU-034,Kiambu,Gatundu South
KEN-NBI-063,Nairobi,Kasarani
KEN-KBU-035,Nairobi,Westlands
NBI-003,Nairobi,Kilimani
NBI-004,Nairobi,Ruaraka
NBI-005,Nairobi,Westlands
NBI-006,Nairobi,Kilimani
NBI-007,Kiambu,Gatundu North
NBI-014,Kiambu,Gatundu South
NBI-015,Kiambu,Githunguri
NBI-016,Kiambu,Juja
KMB-001,Kiambu,Kikuyu
KMB-006,Kiambu,Kiambaa
MCK-001,Nairobi,Kasarani
MCK-003,Kiambu,Juja
MCK-004,Machakos,Matungulu
MCK-005,Nairobi,Kasarani
KEN-NBI-037-B,Nairobi,Kilimani
KEN-NBI-038-B,Nairobi,Kilimani
KEN-NBI-039-B,Kiambu,Juja
KEN-KBU-020-B,Kiambu,Thika Town
KEN-NBI-040-B,Nairobi,Kilimani
KEN-NBI-041-B,Nairobi,Kilimani
KEN-KBU-021-B,Kiambu,Juja
KEN-NBI-042-B,Nairobi,Kamukunji
KEN-KBU-022-B,Kiambu,Juja
KEN-NBI-044-B,Nairobi,Mathare
KEN-NBI-045-B,Nairobi,Embakasi East
KEN-KBU-023-B,Kiambu,Kiambu
KEN-NBI-046-B,Nairobi,Starehe
KEN-KBU-024-B,Kiambu,Thika Town
KEN-NBI-048-B,Nairobi,Embakasi Central
KEN-NBI-049-B,Nairobi,Starehe
KEN-NBI-050-B,Nairobi,Starehe
KEN-KBU-027-B,Kiambu,Thika Town
KEN-NBI-051-B,Nairobi,Kilimani
KEN-KBU-028-B,Nairobi,Westlands
KEN-NBI-052-B,Nairobi,Kamukunji
KEN-KBU-029-B,Kiambu,Thika Town
KEN-NBI-053-B,Nairobi,Kilimani
KEN-NBI-054-B,Nairobi,Embakasi West
KEN-NBI-069,Nairobi,Starehe
KEN-NBI-072,Nairobi,Kilimani
KEN-NBI-073,Nairobi,Ruaraka
KEN-NBI-074,Nairobi,Westlands
KEN-KBU-038,Kiambu,Gatundu South
KEN-KBU-039,Kiambu,Juja
KEN-KBU-040,Kiambu,Limuru
KEN-NBI-075,Nairobi,Embakasi West
KEN-NBI-076,Nairobi,Embakasi East
KEN-KBU-041,Kiambu,Gatundu South
KEN-NBI-077,Nairobi,Westlands
KEN-KBU-042,Kiambu,Githunguri
KEN-NBI-078,Nairobi,Kilimani
KEN-NBI-079,Nairobi,Westlands
KEN-NBI-080,Nairobi,Kilimani
KEN-NBI-081,Nairobi,Kibra
KEN-NBI-082,Nairobi,Kilimani
KEN-NBI-083,Nairobi,Kilimani
KEN-NBI-084,Nairobi,Embakasi North
KEN-NBI-085,Nairobi,Kamukunji
KEN-NBI-086,Nairobi,Westlands
KEN-NBI-087,Nairobi,Mathare
KEN-NBI-089,Nairobi,Embakasi South
KEN-NBI-090,Nairobi,Kamukunji
KEN-NBI-091,Nairobi,Embakasi North
KEN-NBI-092,Nairobi,Embakasi North
KEN-NBI-093,Kiambu,Thika Town
KEN-NBI-094,Kiambu,Githunguri
KEN-KBU-043,Kiambu,Juja
KEN-KBU-044,Kiambu,Thika Town
KEN-KBU-045,Kiambu,Juja
KEN-KBU-046,Kiambu,Juja
KEN-KBU-047,Kiambu,Ruiru
KEN-KBU-048,Kiambu,Juja
KEN-NBI-095,Nairobi,Embakasi North
KEN-KBU-049,Kiambu,Githunguri
KEN-NBI-096,Nairobi,Starehe
KEN-KBU-050,Kiambu,Githunguri
KEN-NBI-097,Nairobi,Kilimani
KEN-KBU-051,Kiambu,Juja
KEN-NBI-099,Nairobi,Mathare
KEN-NBI-100,Nairobi,Kilimani
KEN-KBU-052,Kiambu,Kiambu
KEN-NBI-101,Nairobi,Embakasi East
KEN-NBI-102,Nairobi,Kilimani
KEN-NBI-103,Nairobi,Kilimani
KEN-KBU-054,Nairobi,Westlands
KEN-NBI-104,Nairobi,Kibra
KEN-NBI-105,Nairobi,Kibra
KEN-NBI-106,Nairobi,Kilimani
KEN-NBI-107,Nairobi,Westlands
KEN-NBI-108,Nairobi,Mathare
KEN-NBI-109,Nairobi,Starehe
KEN-NBI-110,Nairobi,Kilimani
KEN-NBI-111,Nairobi,Westlands
KEN-NBI-112,Nairobi,Westlands
KEN-NBI-113,Nairobi,Embakasi East
KEN-NBI-114,Nairobi,Kilimani
KEN-NBI-115,Nairobi,Kamukunji
KEN-NBI-116,Nairobi,Westlands
KEN-KBU-055,Kiambu,Kiambu
KEN-KBU-056,Kiambu,Ruiru
KEN-KBU-057,Kiambu,Gatundu North
KEN-NBI-118,Nairobi,Starehe
KEN-NBI-119,Nairobi,Kilimani
KEN-NBI-120,Nairobi,Westlands
KEN-NBI-121,Nairobi,Kilimani
KEN-KBU-059,Kiambu,Kiambu
KEN-NBI-122,Nairobi,Starehe
KEN-NBI-123,Nairobi,Westlands
KEN-KBU-060,Kiambu,Thika Town
KEN-NBI-124,Nairobi,Westlands
KEN-NBI-125,Nairobi,Westlands
KEN-KBU-061,Kiambu,Juja
KEN-NBI-126,Nairobi,Westlands
KEN-KBU-062,Kiambu,Juja
KEN-NBI-128,Nairobi,Kilimani
KEN-NBI-129,Nairobi,Kilimani
KEN-NBI-130,Nairobi,Kamukunji
KEN-NBI-131,Nairobi,Kilimani
KEN-NBI-132,Nairobi,Kilimani
KEN-NBI-133,Nairobi,Embakasi East
KEN-NBI-134,Nairobi,Kilimani
KEN-NBI-135,Nairobi,Kilimani
KEN-NBI-136,Nairobi,Kilimani
KEN-NBI-137,Nairobi,Kilimani
KEN-NBI-139,Nairobi,Embakasi North
KEN-NBI-140,Nairobi,Starehe
KEN-KBU-063,Nairobi,Langata
KEN-KBU-064,Nairobi,Langata
KEN-KBU-065,Kiambu,Limuru
KEN-NBI-141,Nairobi,Kilimani
KEN-NBI-142,Nairobi,Kilimani
KEN-NBI-143,Nairobi,Kilimani
KEN-KBU-067,Kiambu,Githunguri
KEN-NBI-144,Nairobi,Mathare
KEN-KBU-068,Kiambu,Thika Town
KEN-NBI-145,Nairobi,Kilimani
KEN-NBI-146,Nairobi,Kamukunji
KEN-NBI-147,Nairobi,Kilimani
KEN-NBI-148,Nairobi,Kilimani
KEN-NBI-149,Nairobi,Westlands
KEN-NBI-150,Nairobi,Kilimani
KEN-NBI-151,Nairobi,Kilimani
KEN-NBI-152,Nairobi,Kilimani
KEN-NBI-153,Nairobi,Kilimani
KEN-NBI-154,Nairobi,Mathare
KEN-NBI-155,Nairobi,Kilimani
KEN-NBI-156,Nairobi,Kilimani
KEN-NBI-157,Nairobi,Kilimani
KEN-NBI-158,Kiambu,Juja
KEN-KBU-069,Kiambu,Limuru
KEN-KBU-070,Kiambu,Kiambu
KEN-KBU-071,Kiambu,Kiambu
KEN-KBU-072,Kiambu,Thika Town
KEN-KBU-073,Kiambu,Kiambu
KEN-NBI-159,Nairobi,Starehe
KEN-NBI-160,Nairobi,Kilimani
KEN-TRK-105,Nairobi,Kilimani
KEN-NBI-161,Nairobi,Kilimani
KEN-NBI-162,Nairobi,Kamukunji
KEN-NBI-163,Nairobi,Kamukunji
KEN-KBU-074,Nairobi,Westlands
KEN-NBI-164,Nairobi,Kamukunji
KEN-NBI-165,Nairobi,Kilimani
KEN-NBI-166,Nairobi,Kilimani
KEN-NBI-167,Nairobi,Embakasi West
KEN-KBU-077,Kiambu,Kiambu
KEN-NBI-170,Nairobi,Kilimani
KEN-NBI-171,Nairobi,Kamukunji
KEN-NBI-172,Nairobi,Starehe
KEN-NBI-173,Nairobi,Starehe
KEN-NBI-174,Nairobi,Kilimani
KEN-NBI-175,Nairobi,Kilimani
KEN-NBI-176,Nairobi,Kilimani
KEN-KBU-078,Kiambu,Githunguri
KEN-KBU-079,Kiambu,Kiambu
KEN-KBU-080,Kiambu,Githunguri
KEN-TRK-115,Nairobi,Kilimani
KEN-NBI-177,Nairobi,Kilimani
KEN-NBI-178,Nairobi,Kilimani
KEN-NBI-179,Nairobi,Embakasi East
KEN-NBI-180,Nairobi,Langata
KEN-NBI-181,Nairobi,Kamukunji
KEN-NBI-182,Nairobi,Kilimani
KEN-NBI-183,Nairobi,Kilimani
KEN-NBI-184,Nairobi,Kilimani
KEN-NBI-185,Kiambu,Ruiru
KEN-NBI-186,Kiambu,Ruiru
KEN-KBU-081,Kiambu,Juja
KEN-KBU-082,Kiambu,Kiambu
KEN-KBU-083,Kiambu,Githunguri
KEN-NBI-187,Nairobi,Embakasi East
KEN-NBI-188,Nairobi,Kilimani
KEN-NBI-189,Nairobi,Kilimani
KEN-KBU-084,Kiambu,Ruiru
KEN-NBI-192,Nairobi,Kilimani
KEN-NBI-193,Nairobi,Mathare
KEN-NBI-194,Nairobi,Starehe
KEN-NBI-195,Nairobi,Kilimani
KEN-NBI-196,Nairobi,Kilimani
KEN-KBU-086,Kiambu,Kiambu
KEN-KBU-087,Kiambu,Kiambu
KEN-NBI-197,Nairobi,Kilimani
KEN-KBU-088,Kiambu,Juja
KEN-NBI-198,Nairobi,Kilimani
KEN-NBI-199,Nairobi,Embakasi South
KEN-NBI-200,Nairobi,Embakasi South
KEN-NBI-201,Nairobi,Embakasi South
KEN-NBI-202,Nairobi,Kamukunji
KEN-NBI-203,Nairobi,Embakasi South
KEN-NBI-204,Nairobi,Embakasi East
KEN-NBI-205,Nairobi,Mathare
KEN-NBI-206,Nairobi,Kilimani
KEN-NBI-207,Nairobi,Mathare
KEN-NBI-208,Nairobi,Kilimani
KEN-NBI-209,Nairobi,Mathare
KEN-NBI-210,Nairobi,Kilimani
KEN-KBU-089,Kiambu,Juja
KEN-KBU-090,Nairobi,Westlands
KEN-KBU-091,Nairobi,Westlands
KEN-TRK-133,Nairobi,Kilimani
KEN-KBU-092,Kiambu,Thika Town
KEN-KBU-093,Kiambu,Juja
KEN-NBI-213,Nairobi,Embakasi South
KEN-NBI-214,Nairobi,Mathare
KEN-NBI-215,Nairobi,Westlands
KEN-NBI-216,Nairobi,Kilimani
KEN-NBI-217,Nairobi,Kilimani
KEN-NBI-218,Nairobi,Mathare
KEN-NBI-219,Nairobi,Mathare
KEN-NBI-220,Nairobi,Kilimani
KEN-KBU-094,Kiambu,Juja
KEN-KBU-095,Kiambu,Kiambu
KEN-KBU-096,Kiambu,Kiambu
KEN-NBI-224,Nairobi,Kilimani
KEN-NBI-225,Nairobi,Kilimani
KEN-TRK-142,Nairobi,Kilimani
KEN-NBI-227,Nairobi,Westlands
KEN-KBU-099,Kiambu,Githunguri
KEN-NBI-233,Nairobi,Kilimani
KEN-NBI-234,Nairobi,Mathare
KEN-NBI-236,Nairobi,Mathare
KEN-KBU-100,Kiambu,Kabete
KEN-NBI-238,Nairobi,Kilimani
KEN-NBI-239,Nairobi,Starehe
KEN-KBU-102,Kiambu,Juja
KEN-NBI-241,Nairobi,Kilimani
KEN-NBI-242,Kiambu,Kiambu
KEN-KBU-103,Kiambu,Kiambu
KEN-KBU-104,Kiambu,Juja
KEN-NBI-246,Nairobi,Kilimani
KEN-NBI-247,Nairobi,Kilimani
KEN-NBI-248,Nairobi,Kilimani
KEN-NBI-249,Nairobi,Kilimani
KEN-NBI-250,Nairobi,Westlands
KEN-NBI-251,Nairobi,Westlands
KEN-NBI-252,Nairobi,Westlands
KEN-NBI-253,Nairobi,Kilimani
KEN-NBI-255,Nairobi,Kilimani
KEN-NBI-256,Nairobi,Starehe
KEN-NBI-257,Nairobi,Kilimani
KEN-NBI-258,Nairobi,Kilimani
KEN-NBI-259,Nairobi,Kilimani
KEN-KBU-105,Nairobi,Westlands
KEN-KBU-106,Nairobi,Westlands
KEN-NBI-260,Nairobi,Embakasi North
KEN-NBI-261,Nairobi,Embakasi East
KEN-NBI-264,Nairobi,Kilimani
KEN-NBI-266,Nairobi,Kilimani
KEN-NBI-267,Nairobi,Embakasi East
KEN-KBU-107,Kiambu,Juja
KEN-KBU-108,Kiambu,Juja
KEN-KBU-109,Kiambu,Juja
KEN-NBI-275,Nairobi,Embakasi East
KEN-NBI-277,Nairobi,Westlands
KEN-NBI-278,Nairobi,Langata
KEN-NBI-279,Nairobi,Starehe
KEN-NBI-280,Nairobi,Westlands
KEN-NBI-281,Nairobi,Kilimani
KEN-NBI-282,Nairobi,Kilimani
KEN-NBI-283,Nairobi,Starehe
KEN-NBI-284,Nairobi,Starehe
KEN-KBU-110,Kiambu,Limuru
KEN-KBU-111,Nairobi,Westlands
KEN-KBU-112,Kiambu,Kiambu
KEN-TRK-161,Nairobi,Kilimani
KEN-NBI-286,Nairobi,Kilimani
KEN-NBI-287,Nairobi,Kilimani
KEN-NBI-288,Nairobi,Langata
KEN-KBU-113,Kiambu,Limuru
KEN-NBI-290,Nairobi,Kamukunji
KEN-NBI-291,Nairobi,Mathare
KEN-NBI-292,Nairobi,Mathare
KEN-NBI-293,Nairobi,Mathare
KEN-NBI-294,Nairobi,Kilimani
KEN-NBI-295,Nairobi,Kilimani
KEN-NBI-296,Nairobi,Mathare
KEN-NBI-297,Nairobi,Mathare
KEN-KBU-114,Kiambu,Kiambu
KEN-KBU-115,Kiambu,Juja
KEN-KBU-116,Kiambu,Juja
KEN-NBI-303,Nairobi,Makadara
KEN-NBI-304,Nairobi,Mathare
KEN-NBI-305,Nairobi,Kilimani
KEN-NBI-306,Nairobi,Kilimani
KEN-NBI-307,Nairobi,Kilimani
KEN-NBI-308,Nairobi,Kilimani
KEN-NBI-309,Nairobi,Embakasi North
KEN-NBI-310,Nairobi,Mathare
KEN-NBI-311,Nairobi,Mathare
KEN-KBU-117,Kiambu,Ruiru
KEN-KBU-118,Kiambu,Ruiru
KEN-NBI-312,Nairobi,Kilimani
KEN-NBI-313,Nairobi,Kilimani
KEN-NBI-315,Nairobi,Mathare
KEN-NBI-316,Nairobi,Kilimani
KEN-NBI-317,Nairobi,Kilimani
KEN-NBI-318,Nairobi,Starehe
KEN-NBI-319,Nairobi,Kilimani
KEN-NBI-320,Nairobi,Kilimani
KEN-NBI-321,Nairobi,Kilimani
KEN-KBU-119,Kiambu,Kiambu
KEN-KBU-120,Nairobi,Kilimani
KEN-TRK-174,Nairobi,Kilimani
KEN-NBI-322,Nairobi,Kilimani
KEN-NBI-323,Nairobi,Mathare
KEN-NBI-324,Nairobi,Westlands
KEN-NBI-325,Nairobi,Kilimani
KEN-NBI-326,Nairobi,Embakasi Central
KEN-NBI-327,Nairobi,Embakasi Central
KEN-NBI-328,Nairobi,Kilimani
KEN-NBI-329,Nairobi,Kilimani
KEN-KBU-121,Kiambu,Thika Town
KEN-KBU-122,Kiambu,Thika Town
KEN-KBU-123,Kiambu,Thika Town
KEN-KBU-124,Kiambu,Kiambu
KEN-NBI-333,Nairobi,Mathare
KEN-NBI-334,Nairobi,Kilimani
KEN-NBI-335,Nairobi,Embakasi East
KEN-NBI-336,Nairobi,Kilimani
KEN-NBI-337,Nairobi,Kilimani
KEN-KBU-125,Kiambu,Thika Town
KEN-KBU-126,Kiambu,Thika Town
KEN-NBI-339,Nairobi,Kilimani
KEN-NBI-340,Nairobi,Kilimani
KEN-NBI-341,Nairobi,Embakasi East
KEN-NBI-342,Nairobi,Embakasi East
KEN-NBI-343,Nairobi,Embakasi East
KEN-NBI-344,Nairobi,Embakasi East
KEN-NBI-345,Nairobi,Embakasi East
KEN-NBI-346,Nairobi,Kilimani
KEN-KBU-127,Kiambu,Ruiru
KEN-NBI-347,Nairobi,Kamukunji
KEN-NBI-348,Nairobi,Kilimani
KEN-NBI-349,Nairobi,Embakasi East
KEN-NBI-350,Nairobi,Kilimani
KEN-KBU-128,Kiambu,Kiambu
KEN-NBI-351,Nairobi,Mathare
KEN-NBI-352,Nairobi,Kilimani
KEN-KBU-129,Kiambu,Thika Town
KEN-NBI-356,Nairobi,Mathare
KEN-KBU-130,Kiambu,Limuru
KEN-NBI-359,Nairobi,Mathare
KEN-NBI-360,Nairobi,Kilimani
KEN-NBI-361,Nairobi,Kilimani
KEN-NBI-362,Nairobi,Kilimani
KEN-NBI-363,Nairobi,Kilimani
KEN-NBI-364,Nairobi,Mathare
KEN-KBU-131,Kiambu,Kiambaa
KEN-KBU-133,Nairobi,Westlands
KEN-KBU-134,Kiambu,Limuru
KEN-TRK-196,Nairobi,Kilimani
KEN-NBI-365,Nairobi,Westlands
KEN-NBI-366,Nairobi,Westlands
KEN-NBI-367,Nairobi,Westlands
KEN-NBI-368,Nairobi,Westlands
KEN-NBI-369,Nairobi,Westlands
KEN-NBI-370,Nairobi,Westlands
KEN-NBI-371,Nairobi,Kilimani
KEN-NBI-372,Nairobi,Kilimani
KEN-KBU-135,Nairobi,Westlands
KEN-NBI-374,Nairobi,Embakasi East
KEN-NBI-375,Nairobi,Westlands
KEN-NBI-376,Nairobi,Kilimani
KEN-NBI-377,Nairobi,Kilimani
KEN-NBI-378,Nairobi,Kamukunji
KEN-NBI-379,Nairobi,Kilimani
KEN-KBU-136,Kiambu,Thika Town
KEN-NBI-381,Nairobi,Westlands
KEN-NBI-382,Nairobi,Kilimani
KEN-KBU-137,Kiambu,Kiambu
KEN-NBI-383,Nairobi,Mathare
KEN-NBI-384,Nairobi,Mathare
KEN-NBI-385,Nairobi,Mathare
KEN-NBI-386,Nairobi,Mathare
KEN-NBI-387,Nairobi,Mathare
KEN-NBI-388,Nairobi,Kilimani
KEN-KBU-138,Kiambu,Ruiru
KEN-NBI-389,Nairobi,Mathare
KEN-NBI-390,Nairobi,Mathare
KEN-NBI-391,Nairobi,Kilimani
KEN-NBI-392,Nairobi,Kilimani
KEN-KBU-139,Kiambu,Kiambu
KEN-NBI-394,Nairobi,Mathare
KEN-NBI-395,Nairobi,Mathare
KEN-KBU-140,Kiambu,Limuru
KEN-KBU-141,Kiambu,Kiambu
KEN-NBI-393,Nairobi,Mathare
KEN-NBI-396,Nairobi,Ruaraka
KEN-NBI-397,Nairobi,Kilimani
KEN-NBI-398,Nairobi,Kasarani
KEN-NBI-399,Nairobi,Roysambu
KEN-KBU-142,Nairobi,Westlands
KEN-NBI-400,Nairobi,Embakasi East
KEN-KBU-143,Kiambu,Limuru
KEN-MCK-187,Kiambu,Juja
KMB-WAT-001,Kiambu,Limuru
KMB-WAT-002,Kiambu,Lari
KMB-LND-003,Kiambu,Gatundu South
KMB-WAT-004,Kiambu,Ruiru
KMB-WAT-005,Kiambu,Limuru
KMB-WAT-006,Kiambu,Lari
KMB-WAT-007,Kiambu,Juja
KMB-WAT-008,Kiambu,Thika Town
KMB-LND-009,Kiambu,Kiambu
KMB-LND-010,Kiambu,Githunguri
KMB-LND-011,Kiambu,Kiambu
KMB-WAT-012,Kiambu,Limuru
KMB-WAT-013,Kiambu,Gatundu North
KMB-LND-014,Kiambu,Thika Town
KMB-WAT-015,Kiambu,Ruiru
KEN-KBU-145,Kiambu,Ruiru
KEN-KBU-146,Kiambu,Kiambu
KEN-KBU-147,Kiambu,Juja
KEN-KBU-148,Kiambu,Ruiru
KEN-NBI-404,Nairobi,Embakasi North
KEN-NBI-405,Nairobi,Embakasi Central
KEN-KBU-151,Kiambu,Kiambu
KEN-KBU-152,Kiambu,Githunguri
KEN-NBI-406,Nairobi,Mathare
KEN-NBI-407,Nairobi,Mathare
KEN-NBI-408,Nairobi,Mathare
KEN-NBI-409,Nairobi,Mathare
KEN-NBI-410,Nairobi,Mathare
KEN-NBI-411,Nairobi,Mathare
KEN-NBI-413,Nairobi,Mathare
KEN-NBI-414,Nairobi,Mathare
KEN-NBI-415,Nairobi,Kilimani
KEN-NBI-416,Nairobi,Kilimani
KEN-NBI-417,Nairobi,Mathare
KEN-NBI-418,Nairobi,Mathare
KEN-NBI-419,Nairobi,Mathare
KEN-NBI-420,Nairobi,Kilimani
KEN-KBU-153,Kiambu,Kiambu
KEN-TRK-224,Nairobi,Mathare
KEN-NBI-421,Nairobi,Kilimani
KEN-NBI-422,Nairobi,Mathare
KEN-KBU-154,Kiambu,Kiambu
KEN-NBI-423,Nairobi,Mathare
KEN-KBU-036,Nairobi,Westlands
KEN-KBU-037,Kiambu,Gatundu North
KEN-KBU-144,Kiambu,Kiambu
KEN-KBU-155,Kiambu,Ruiru
KEN-KBU-156,Kiambu,Ruiru
KEN-NBI-064,Nairobi,Kilimani
KEN-NBI-065,Nairobi,Kilimani
KEN-NBI-066,Nairobi,Mathare
KEN-NBI-067,Nairobi,Kibra
KEN-NBI-424,Nairobi,Kibra
KEN-NBI-425,Nairobi,Embakasi West
KEN-NBI-426,Nairobi,Kibra
KEN-NBI-428,Nairobi,Ruaraka
KEN-NBI-431,Kiambu,Kiambu
KEN-NBI-432,Nairobi,Kilimani
KEN-NBI-433,Nairobi,Mathare
KEN-NBI-434,Nairobi,Mathare
KEN-NBI-435,Nairobi,Mathare
KEN-NBI-436,Nairobi,Mathare
KEN-NBI-437,Nairobi,Mathare
KEN-NBI-438,Nairobi,Kilimani
KEN-NBI-439,Nairobi,Embakasi East
KEN-KBU-157,Kiambu,Juja
KEN-KBU-159,Kiambu,Githunguri
KEN-KBU-160,Kiambu,Kiambu
KEN-KBU-161,Kiambu,Githunguri
KEN-NBI-440,Nairobi,Westlands
KEN-NBI-441,Nairobi,Westlands
KEN-NBI-442,Nairobi,Kilimani
KEN-NBI-443,Nairobi,Embakasi East
KEN-MCK-196,Machakos,Matungulu
LWC-2018-002,Kiambu,Ruiru
LWC-2021-003,Kiambu,Limuru
LWC-2022-007,Nairobi,Roysambu
LWC-2014-011,Kiambu,Thika Town
LWC-2017-012,Machakos,Matungulu
LWC-2024-014,Nairobi,Embakasi East
LWC-2026-015,Kiambu,Githunguri
KEN-NBI-446,Nairobi,Kilimani
KEN-NBI-447,Nairobi,Starehe
KEN-NBI-448,Nairobi,Kilimani
KEN-KBU-162,Kiambu,Juja
KEN-KBU-163,Kiambu,Gatundu North
KEN-KBU-164,Kiambu,Thika Town
KEN-NBI-449,Nairobi,Kilimani
KEN-NBI-450,Kiambu,Ruiru
LWC-1996-016,Nairobi,Westlands
LWC-2011-019,Kiambu,Juja
LWC-2020-021,Nairobi,Ruaraka
LWC-2024-022,Kiambu,Kiambu
LWC-2026-025,Kiambu,Kiambu
LWC-2026-026,Machakos,Matungulu
LWC-2024-030,Kiambu,Thika Town
LWC-2023-031,Nairobi,Kasarani
LWC-2023-032,Nairobi,Roysambu
LWC-2015-035,Nairobi,Kibra
LWC-2022-036,Kiambu,Limuru
LWC-2025-037,Machakos,Kangundo
KEN-KBU-165,Kiambu,Githunguri
KEN-KBU-166,Kiambu,Githunguri
KEN-KBU-167,Kiambu,Githunguri
KEN-NBI-451,Nairobi,Mathare
KEN-NBI-452,Nairobi,Makadara
KEN-NBI-453,Nairobi,Kilimani
KEN-NBI-454,Nairobi,Makadara
KEN-NBI-455,Nairobi,Kilimani
KEN-TRK-238,Nairobi,Kilimani
LWC-2024-038,Machakos,Matungulu
LWC-2026-039,Kiambu,Kiambu
LWC-2018-042,Kiambu,Ruiru
LWC-2024-045,Nairobi,Kasarani
LWC-2026-048,Kiambu,Thika Town
LWC-2017-049,Nairobi,Westlands
LWC-2023-050,Kiambu,Thika Town
KEN-NBI-457,Nairobi,Makadara
KEN-NBI-458,Nairobi,Kilimani
KEN-KBU-169,Kiambu,Kiambu
LWC-2020-056,Kiambu,Ruiru
LWC-2022-057,Kiambu,Gatundu North
LWC-2026-058,Kiambu,Ruiru
KE_LWC_093,Kiambu,Kiambu
KE_LWC_096,Kiambu,Kikuyu
KE_LWC_098,Nairobi,Kasarani
KEN-NBI-459,Nairobi,Kilimani
KEN-NBI-460,Nairobi,Kilimani
KEN-NBI-461,Nairobi,Kilimani
KEN-NBI-462,Nairobi,Kilimani
KEN-NBI-463,Nairobi,Kilimani
KEN-KBU-170,Kiambu,Kiambu
KEN-KBU-171,Kiambu,Ruiru
KE_LWC_099,Kiambu,Thika Town
KE_LWC_100,Nairobi,Westlands
KE_LWC_101,Nairobi,Westlands
KE_LWC_102,Nairobi,Kibra
KE_LWC_105,Nairobi,Mathare
KE_LWC_106,Kiambu,Kikuyu
KE_LWC_109,Kiambu,Ruiru
KE_LWC_110,Nairobi,Kilimani
KE_LWC_111,Machakos,Matungulu
KE_LWC_113,Nairobi,Westlands
KE_LWC_115,Nairobi,Kilimani
KEN-KBU-172,Kiambu,Ruiru
KEN-NBI-466,Nairobi,Kilimani
KE_LWC_118,Nairobi,Westlands
KE_LWC_119,Nairobi,Kamukunji
KE_LWC_123,Nairobi,Embakasi East
KE_LWC_124,Nairobi,Roysambu
KE_LWC_125,Kiambu,Githunguri
KE_LWC_126,Kiambu,Kiambu
KE_LWC_130,Kiambu,Lari
KE_LWC_131,Nairobi,Kasarani
KE_LWC_132,Machakos,Matungulu
KE_LWC_134,Kiambu,Thika Town
KE_LWC_136,Kiambu,Juja
KE_LWC_137,Machakos,Matungulu
KEN-NBI-468,Nairobi,Kilimani
KEN-KBU-173,Kiambu,Ruiru
KEN-KBU-174,Kiambu,Limuru
KE_LWC_145,Kiambu,Kiambu
KE_LWC_146,Nairobi,Westlands
KE_LWC_147,Nairobi,Kamukunji
KE_LWC_151,Kiambu,Ruiru
KE_LWC_152,Machakos,Matungulu
KE_LWC_153,Nairobi,Roysambu
KE_LWC_154,Nairobi,Kilimani
KE_LWC_158,Nairobi,Kamukunji
KE_LWC_160,Nairobi,Embakasi East
KE_LWC_161,Kiambu,Limuru
KE_LWC_163,Nairobi,Kibra
KE_LWC_164,Machakos,Matungulu
KE_LWC_165,Kiambu,Ruiru
KE_LWC_167,Kiambu,Ruiru
KE_LWC_168,Kiambu,Ruiru
KE_LWC_169,Nairobi,Embakasi Central
KE_LWC_170,Kiambu,Thika Town
KE_LWC_173,Kiambu,Kiambu
KE_LWC_174,Nairobi,Embakasi Central
KE_LWC_175,Machakos,Matungulu
KE_LWC_176,Kiambu,Juja
KE_LWC_178,Kiambu,Githunguri
KE_LWC_183,Nairobi,Kasarani
KE_LWC_187,Kiambu,Juja
KE_LWC_192,Machakos,Matungulu
KE_LWC_193,Kiambu,Thika Town
KE_LWC_194,Kiambu,Lari
KE_LWC_195,Nairobi,Kasarani
KE_LWC_198,Kiambu,Gatundu South
KE_LWC_200,Nairobi,Starehe
KE_LWC_202,Kiambu,Kikuyu
KE_LWC_203,Machakos,Kangundo
KE_LWC_204,Kiambu,Kiambu
KE_LWC_205,Nairobi,Langata
KE_LWC_208,Kiambu,Juja
KEN-NBI-469,Nairobi,Embakasi East
KEN-NBI-470,Nairobi,Mathare
KEN-KBU-175,Kiambu,Kikuyu
KEN-KBU-176,Kiambu,Lari
KEN-KBU-177,Kiambu,Lari
KE_LWC_210,Kiambu,Ruiru
KE_LWC_213,Kiambu,Thika Town
KE_LWC_217,Kiambu,Lari
KE_LWC_218,Nairobi,Dagoretti
KE_LWC_221,Kiambu,Limuru
KE_LWC_222,Nairobi,Kasarani
KEN-NBI-472,Nairobi,Makadara
KEN-KBU-178,Kiambu,Kiambu
KEN-KBU-179,Kiambu,Ruiru
KE_LWC_224,Nairobi,Kamukunji
KE_LWC_225,Kiambu,Kikuyu
KE_LWC_228,Kiambu,Juja
KE_LWC_230,Nairobi,Kasarani
KE_LWC_232,Kiambu,Gatundu South
KEN-NBI-473,Nairobi,Makadara
KEN-NBI-474,Nairobi,Makadara
KEN-KBU-180,Kiambu,Thika Town
KEN-KBU-181,Kiambu,Gatundu North
KEN-TRK-249,Nairobi,Kilimani
KEN-KBU-182,Kiambu,Limuru
KE_LWC_235,Kiambu,Thika Town
KE_LWC_237,Machakos,Matungulu
KE_LWC_238,Kiambu,Juja
KE_LWC_239,Nairobi,Ruaraka
KE_LWC_240,Kiambu,Lari
KE_LWC_243,Kiambu,Limuru
KEN-NBI-476,Nairobi,Mathare
KEN-NBI-477,Nairobi,Westlands
KEN-NBI-478,Nairobi,Kilimani
KEN-KBU-183,Kiambu,Kiambu
KEN-KBU-184,Kiambu,Kiambu
KEN-NBI-479,Nairobi,Kilimani
KE_LWC_245,Nairobi,Westlands
KE_LWC_247,Kiambu,Juja
KE_LWC_249,Kiambu,Kikuyu
KE_LWC_250,Nairobi,Kibra
KE_LWC_252,Machakos,Kangundo
KE_LWC_253,Nairobi,Dagoretti
KE_LWC_254,Kiambu,Lari
KE_LWC_257,Nairobi,Embakasi West
KE_LWC_258,Kiambu,Thika Town
KEN-NBI-480,Nairobi,Mathare
KEN-NBI-481,Nairobi,Mathare
KE_LWC_259,Kiambu,Juja
KE_LWC_263,Kiambu,Lari
KE_LWC_265,Nairobi,Kasarani
KE_LWC_267,Kiambu,Limuru
KE_LWC_270,Kiambu,Gatundu South
KE_LWC_271,Nairobi,Kilimani
KE_LWC_272,Machakos,Matungulu
KE_LWC_274,Kiambu,Lari
KE_LWC_276,Nairobi,Westlands
KE_LWC_278,Kiambu,Juja
KE_LWC_280,Machakos,Matungulu
KE_LWC_283,Kiambu,Kikuyu
KEN-KBU-185,Kiambu,Limuru
KEN-KBU-186,Kiambu,Thika Town
KE_LWC_286,Kiambu,Thika Town
KE_LWC_287,Nairobi,Embakasi West
KE_LWC_288,Kiambu,Lari
KE_LWC_290,Nairobi,Embakasi Central
KE_LWC_292,Kiambu,Ruiru
KE_LWC_293,Kiambu,Limuru
KE_LWC_295,Machakos,Kangundo
KE_LWC_296,Nairobi,Langata
KE_LWC_297,Kiambu,Gatundu North
KEN-NBI-486,Nairobi,Mathare
KEN-NBI-487,Nairobi,Mathare
KEN-NBI-488,Nairobi,Kilimani
KEN-KBU-187,Kiambu,Kiambu
KE_LWC_301,Nairobi,Westlands
KE_LWC_302,Kiambu,Juja
KE_LWC_303,Kiambu,Limuru
KE_LWC_306,Kiambu,Juja
KE_LWC_308,Kiambu,Kikuyu
KE_LWC_309,Nairobi,Kasarani
KE_LWC_310,Machakos,Matungulu
KE_LWC_312,Kiambu,Lari
KE_LWC_313,Kiambu,Kikuyu
KE_LWC_315,Kiambu,Thika Town
KE_LWC_316,Nairobi,Embakasi East
KE_LWC_318,Kiambu,Limuru
KEN-NBI-494,Nairobi,Langata
KEN-NBI-495,Nairobi,Dagoretti
KEN-NBI-496,Nairobi,Kilimani
KEN-NBI-497,Nairobi,Kilimani
KEN-NBI-498,Nairobi,Kilimani
KE_LWC_319,Kiambu,Ruiru
KE_LWC_322,Kiambu,Gatundu South
KE_LWC_323,Kiambu,Juja
KE_LWC_326,Nairobi,Kasarani
KE_LWC_327,Kiambu,Githunguri
KEN-NBI-502,Nairobi,Kilimani
KMB-LND-016,Kiambu,Kiambu
KMB-LND-017,Kiambu,Githunguri
KMB-WAT-020,Kiambu,Kabete
KMB-LND-021,Kiambu,Juja
KMB-LND-022,Kiambu,Lari
KMB-WAT-023,Kiambu,Limuru
KMB-LND-024,Kiambu,Kiambu
KMB-LND-025,Kiambu,Kikuyu
KMB-LND-027,Kiambu,Juja
KMB-WAT-028,Kiambu,Lari
KMB-WAT-030,Kiambu,Juja
KMB-LND-031,Kiambu,Thika Town
KMB-LND-032,Kiambu,Githunguri
KMB-WAT-033,Kiambu,Thika Town
KMB-LND-034,Kiambu,Kabete
KMB-LND-035,Kiambu,Kiambu
KMB-WAT-036,Kiambu,Kabete
KMB-LND-037,Kiambu,Githunguri
KMB-WAT-038,Kiambu,Juja
KMB-LND-039,Kiambu,Kikuyu
KMB-WAT-040,Kiambu,Juja
KMB-LND-041,Kiambu,Juja
KMB-WAT-042,Kiambu,Limuru
KMB-LND-043,Kiambu,Lari
KMB-LND-044,Kiambu,Thika Town
KMB-WAT-045,Kiambu,Lari
KMB-LND-046,Kiambu,Juja
KMB-LND-047,Kiambu,Kiambaa
KMB-WAT-048,Kiambu,Juja
KMB-WAT-050,Kiambu,Kikuyu
KMB-LND-051,Kiambu,Limuru
KMB-WAT-052,Kiambu,Lari
KMB-LND-053,Kiambu,Juja
KMB-WAT-054,Kiambu,Ruiru
KMB-LND-055,Kiambu,Gatundu South
KMB-WAT-056,Kiambu,Thika Town
KMB-LND-057,Kiambu,Kiambu
KMB-WAT-058,Kiambu,Lari
KMB-LND-059,Kiambu,Kiambu
KMB-WAT-060,Kiambu,Limuru
KMB-LND-061,Kiambu,Juja
KMB-WAT-062,Kiambu,Ruiru
KMB-LND-063,Kiambu,Kiambu
KMB-LND-065,Kiambu,Juja
KMB-LND-066,Kiambu,Kabete
KMB-WAT-067,Kiambu,Lari
KMB-LND-068,Kiambu,Juja
KMB-LND-069,Kiambu,Thika Town
KMB-LND-070,Kiambu,Kiambu
KMB-LND-071,Kiambu,Githunguri
KMB-WAT-072,Kiambu,Juja
KMB-LND-073,Kiambu,Kikuyu
KMB-WAT-074,Kiambu,Lari
KMB-LND-075,Kiambu,Thika Town
KMB-WAT-076,Kiambu,Gatundu South
KMB-LND-077,Kiambu,Kiambaa
KMB-WAT-078,Kiambu,Limuru
KMB-LND-079,Kiambu,Juja
KMB-WAT-080,Kiambu,Kiambu
KMB-LND-081,Kiambu,Kikuyu
KMB-WAT-082,Kiambu,Lari
KMB-LND-083,Kiambu,Juja
KMB-WAT-084,Kiambu,Juja
KMB-WAT-086,Kiambu,Kikuyu
KMB-LND-087,Kiambu,Limuru
KMB-WAT-088,Kiambu,Githunguri
KMB-LND-089,Kiambu,Thika Town
KMB-LND-091,Kiambu,Lari
KMB-WAT-092,Kiambu,Kikuyu
KMB-LND-093,Kiambu,Kiambu
KMB-WAT-094,Kiambu,Kiambaa
MAC-WAT-005,Machakos,Matungulu
MAC-WAT-007,Machakos,Matungulu
MAC-WAT-011,Nairobi,Kasarani
MAC-LND-012,Machakos,Kangundo
MAC-LND-022,Nairobi,Kasarani
MAC-LND-028,Nairobi,Kasarani
MAC-WAT-031,Machakos,Kangundo
MAC-WAT-033,Machakos,Matungulu
MAC-WAT-041,Machakos,Matungulu
MAC-WAT-045,Machakos,Matungulu
MAC-LND-048,Machakos,Kangundo
KEN-KBU-028,Kiambu,Thika Town
NBI-009,Nairobi,Westlands
NBI-010,Nairobi,Westlands
NBI-011,Nairobi,Kibra
NBI-012,Nairobi,Mathare
NBI-013,Nairobi,Westlands
KMB-002,Kiambu,Limuru
KMB-003,Kiambu,Lari
KMB-004,Kiambu,Gatundu South
KEN-KBU-066,Kiambu,Gatundu South
KEN-KBU-085,Kiambu,Thika Town
KEN-NBI-230,Nairobi,Starehe
KEN-NBI-232,Nairobi,Starehe
KEN-KBU-149,Kiambu,Juja
KEN-KBU-001,Kiambu,Thika Town
KE_LWC_103,Kiambu,Kiambu
KE_LWC_148,Kiambu,Thika Town
KE_LWC_182,Kiambu,Juja
KE_LWC_304,Machakos,Matungulu
KMB-WAT-026,Kiambu,Thika Town
KMB-LND-029,Kiambu,Juja
KMB-LND-049,Kiambu,Juja
KMB-WAT-064,Kiambu,Githunguri
KMB-LND-085,Kiambu,Kiambu
KEN-MCK-001,Machakos,Mavoko
KEN-MCK-002,Machakos,Mavoko
KEN-MCK-003,Machakos,Machakos Town
KEN-MCK-004,Machakos,Machakos Town
KEN-MCK-005,Machakos,Machakos Town
KEN-MCK-006,Machakos,Mavoko
KEN-MCK-007,Machakos,Mwala
KEN-MCK-009,Machakos,Mavoko
KEN-MCK-010,Machakos,Mwala
KEN-MCK-011,Machakos,Kangundo
KEN-MCK-012,Machakos,Mavoko
KEN-MCK-013,Machakos,Mavoko
KEN-MCK-015,Machakos,Kangundo
KEN-MCK-016,Machakos,Mwala
KEN-MCK-017,Machakos,Mavoko
KEN-NBI-032,Nairobi,Embakasi East
KEN-MCK-020,Machakos,Mavoko
KEN-NBI-036,Nairobi,Embakasi East
KEN-MCK-021,Machakos,Machakos Town
KEN-NBI-038,Nairobi,Embakasi South
KEN-NBI-040,Nairobi,Embakasi South
KEN-NBI-046,Nairobi,Embakasi South
KEN-MCK-022,Machakos,Mavoko
KEN-MCK-026,Machakos,Mavoko
KEN-MCK-027,Machakos,Yatta
KEN-MCK-028,Machakos,Kathiani
KEN-MCK-029,Machakos,Mavoko
KEN-MCK-032,Machakos,Masinga
KEN-KBU-031,Machakos,Mavoko
KEN-MCK-034,Machakos,Kathiani
KEN-MCK-035,Machakos,Kangundo
MCK-002,Machakos,Mavoko
KEN-MCK-022-B,Machakos,Mavoko
KEN-MCK-023-B,Machakos,Mavoko
KEN-MCK-024-B,Machakos,Mavoko
KEN-MCK-025-B,Machakos,Mavoko
KEN-MCK-026-B,Machakos,Mavoko
KEN-MCK-027-B,Machakos,Mavoko
KEN-MCK-028-B,Machakos,Mavoko
KEN-MCK-029-B,Machakos,Mavoko
KEN-MCK-030-B,Machakos,Mwala
KEN-MCK-031-B,Machakos,Mavoko
KEN-MCK-032-B,Machakos,Mavoko
KEN-MCK-033-B,Machakos,Mavoko
KEN-MCK-034-B,Machakos,Machakos Town
KEN-MCK-035-B,Machakos,Mwala
KEN-MCK-043,Machakos,Machakos Town
KEN-MCK-044,Machakos,Masinga
KEN-MCK-046,Machakos,Machakos Town
KEN-MCK-047,Machakos,Mavoko
KEN-MCK-048,Machakos,Mavoko
KEN-MCK-049,Machakos,Mavoko
KEN-MCK-050,Machakos,Mavoko
KEN-MCK-051,Machakos,Mavoko
KEN-MCK-052,Machakos,Machakos Town
KEN-MCK-053,Machakos,Mavoko
KEN-MCK-054,Machakos,Mavoko
KEN-MCK-055,Machakos,Mwala
KEN-MCK-056,Machakos,Mavoko
KEN-MCK-057,Machakos,Kathiani
KEN-MCK-058,Machakos,Kathiani
KEN-MCK-059,Machakos,Mavoko
KEN-NBI-117,Machakos,Mavoko
KEN-MCK-060,Machakos,Mavoko
KEN-MCK-061,Machakos,Mavoko
KEN-MCK-062,Machakos,Mavoko
KEN-MCK-063,Machakos,Mavoko
KEN-MCK-064,Machakos,Mavoko
KEN-MCK-065,Machakos,Mavoko
KEN-MCK-066,Machakos,Mavoko
KEN-KBU-058,Machakos,Mavoko
KEN-MCK-068,Machakos,Mavoko
KEN-MCK-069,Machakos,Mavoko
KEN-MCK-070,Machakos,Mavoko
KEN-MCK-071,Machakos,Mavoko
KEN-MCK-072,Machakos,Mwala
KEN-MCK-073,Machakos,Mavoko
KEN-MCK-074,Machakos,Machakos Town
KEN-MCK-075,Machakos,Machakos Town
KEN-MCK-076,Machakos,Yatta
KEN-MCK-078,Machakos,Mavoko
KEN-MCK-081,Machakos,Mavoko
KEN-MCK-082,Machakos,Mavoko
KEN-MCK-083,Machakos,Mavoko
KEN-MCK-084,Machakos,Mavoko
KEN-MCK-085,Machakos,Mavoko
KEN-MCK-086,Machakos,Mavoko
KEN-MCK-087,Machakos,Mavoko
KEN-MCK-088,Machakos,Mavoko
KEN-MCK-089,Machakos,Mavoko
KEN-MCK-090,Machakos,Mavoko
KEN-KBU-075,Machakos,Mavoko
KEN-MCK-091,Machakos,Mavoko
KEN-MCK-092,Machakos,Mavoko
KEN-MCK-093,Machakos,Mwala
KEN-MCK-094,Machakos,Mavoko
KEN-MCK-095,Machakos,Mavoko
KEN-MCK-096,Machakos,Mavoko
KEN-MCK-097,Machakos,Mavoko
KEN-MCK-098,Machakos,Mavoko
KEN-MCK-099,Machakos,Mavoko
KEN-MCK-100,Machakos,Mavoko
KEN-MCK-101,Machakos,Mavoko
KEN-MCK-102,Machakos,Mavoko
KEN-MCK-103,Machakos,Mavoko
KEN-MCK-104,Machakos,Mavoko
KEN-MCK-105,Machakos,Mavoko
KEN-MCK-107,Machakos,Mavoko
KEN-MCK-108,Machakos,Mavoko
KEN-NBI-211,Machakos,Mavoko
KEN-NBI-212,Machakos,Mavoko
KEN-MCK-109,Machakos,Mavoko
KEN-MCK-110,Machakos,Mavoko
KEN-MCK-111,Machakos,Mavoko
KEN-MCK-112,Machakos,Mavoko
KEN-MCK-113,Machakos,Mavoko
KEN-MCK-114,Machakos,Mavoko
KEN-MCK-115,Machakos,Mavoko
KEN-MCK-116,Machakos,Mavoko
KEN-MCK-117,Machakos,Mavoko
KEN-MCK-118,Machakos,Mavoko
KEN-MCK-119,Machakos,Machakos Town
KEN-MCK-120,Machakos,Machakos Town
KEN-MCK-121,Machakos,Mavoko
KEN-MCK-122,Machakos,Yatta
KEN-NBI-237,Machakos,Kathiani
KEN-KBU-101,Nairobi,Embakasi East
KEN-MCK-123,Machakos,Mavoko
KEN-MCK-124,Machakos,Mavoko
KEN-MCK-125,Machakos,Machakos Town
KEN-MCK-126,Machakos,Machakos Town
KEN-NBI-254,Machakos,Mavoko
KEN-MCK-128,Machakos,Masinga
KEN-MCK-130,Machakos,Machakos Town
KEN-MCK-131,Machakos,Mavoko
KEN-MCK-132,Machakos,Mavoko
KEN-MCK-133,Machakos,Mavoko
KEN-MCK-134,Machakos,Mavoko
KEN-MCK-135,Machakos,Mavoko
KEN-MCK-136,Machakos,Mavoko
KEN-MCK-137,Machakos,Mavoko
KEN-MCK-138,Machakos,Machakos Town
KEN-MCK-139,Machakos,Mavoko
KEN-MCK-140,Machakos,Mavoko
KEN-MCK-141,Machakos,Machakos Town
KEN-MCK-142,Machakos,Mavoko
KEN-MCK-143,Machakos,Mavoko
KEN-MCK-144,Machakos,Mavoko
KEN-MCK-145,Machakos,Mavoko
KEN-MCK-146,Machakos,Mavoko
KEN-MCK-147,Machakos,Yatta
KEN-MCK-148,Machakos,Mavoko
KEN-MCK-149,Machakos,Mavoko
KEN-MCK-150,Machakos,Mavoko
KEN-MCK-151,Machakos,Mavoko
KEN-MCK-152,Machakos,Mavoko
KEN-MCK-153,Machakos,Mavoko
KEN-MCK-154,Machakos,Mavoko
KEN-MCK-155,Machakos,Mavoko
KEN-MCK-156,Machakos,Mavoko
KEN-MCK-157,Machakos,Mavoko
KEN-MCK-158,Machakos,Mavoko
KEN-MCK-159,Machakos,Mavoko
KEN-MCK-161,Machakos,Mavoko
KEN-MCK-162,Machakos,Mavoko
KEN-MCK-163,Machakos,Mavoko
KEN-MCK-164,Machakos,Mavoko
KEN-MCK-165,Machakos,Machakos Town
KEN-MCK-166,Machakos,Mavoko
KEN-MCK-167,Machakos,Mavoko
KEN-MCK-168,Machakos,Mavoko
KEN-MCK-169,Machakos,Mavoko
KEN-MCK-170,Machakos,Mavoko
KEN-MCK-171,Machakos,Mavoko
KEN-MCK-172,Machakos,Mavoko
KEN-MCK-173,Machakos,Mavoko
KEN-NBI-357,Machakos,Mavoko
KEN-MCK-174,Machakos,Mavoko
KEN-MCK-175,Machakos,Mavoko
KEN-MCK-176,Machakos,Mavoko
KEN-MCK-177,Machakos,Mavoko
KEN-MCK-178,Machakos,Mavoko
KEN-MCK-179,Machakos,Machakos Town
KEN-MCK-180,Machakos,Mwala
KEN-MCK-181,Machakos,Mwala
KEN-MCK-182,Machakos,Kathiani
KEN-MCK-183,Machakos,Mavoko
KEN-MCK-185,Machakos,Mavoko
KEN-MCK-186,Machakos,Mavoko
KEN-NBI-402,Machakos,Mavoko
KEN-MCK-188,Machakos,Mavoko
KEN-MCK-189,Machakos,Machakos Town
KEN-MCK-190,Machakos,Mavoko
KEN-MCK-191,Machakos,Machakos Town
KEN-TRK-225,Machakos,Mavoko
KEN-MCK-037,Machakos,Kathiani
KEN-MCK-038,Machakos,Mavoko
KEN-MCK-039,Machakos,Mavoko
KEN-MCK-040,Machakos,Mavoko
KEN-MCK-041,Machakos,Mwala
KEN-MCK-042,Machakos,Mavoko
KEN-MCK-192,Machakos,Mavoko
KEN-MCK-193,Machakos,Mavoko
KEN-MCK-194,Machakos,Mavoko
KEN-MCK-195,Machakos,Kathiani
KEN-MCK-197,Machakos,Masinga
LWC-2023-004,Machakos,Mavoko
LWC-2025-008,Machakos,Mavoko
LWC-1999-009,Nairobi,Embakasi East
KEN-MCK-198,Machakos,Mavoko
KEN-MCK-199,Machakos,Machakos Town
LWC-2002-017,Machakos,Mavoko
LWC-2026-023,Machakos,Mavoko
LWC-2023-024,Machakos,Mavoko
KEN-MCK-200,Machakos,Mavoko
KEN-MCK-201,Machakos,Mavoko
KEN-MCK-202,Machakos,Mavoko
LWC-2021-041,Nairobi,Embakasi South
LWC-2023-043,Machakos,Mavoko
LWC-2025-046,Machakos,Mavoko
LWC-2019-051,Machakos,Mavoko
KEN-NBI-456,Nairobi,Embakasi South
KEN-MCK-203,Machakos,Mavoko
KEN-MCK-204,Machakos,Mavoko
LWC-2025-052,Machakos,Mavoko
LWC-2026-053,Machakos,Mavoko
LWC-2025-054,Machakos,Mavoko
KE_LWC_091,Machakos,Mavoko
KE_LWC_094,Nairobi,Embakasi East
KE_LWC_097,Machakos,Mavoko
KEN-MCK-205,Machakos,Kathiani
KEN-MCK-206,Machakos,Mavoko
KE_LWC_108,Machakos,Mavoko
KE_LWC_112,Machakos,Mavoko
KEN-NBI-464,Machakos,Mavoko
KEN-MCK-207,Machakos,Mavoko
KEN-MCK-208,Machakos,Yatta
KEN-MCK-209,Machakos,Mavoko
KE_LWC_122,Machakos,Mavoko
KE_LWC_127,Machakos,Mavoko
KE_LWC_129,Machakos,Mavoko
KE_LWC_140,Machakos,Mavoko
KEN-MCK-210,Machakos,Mavoko
KEN-MCK-211,Machakos,Masinga
KEN-MCK-212,Machakos,Mavoko
KE_LWC_143,Machakos,Mavoko
KE_LWC_149,Nairobi,Langata
KE_LWC_156,Machakos,Yatta
KE_LWC_157,Machakos,Mavoko
KE_LWC_162,Machakos,Mavoko
KE_LWC_172,Nairobi,Langata
KE_LWC_179,Machakos,Mavoko
KE_LWC_184,Machakos,Mavoko
KE_LWC_188,Machakos,Yatta
KE_LWC_197,Machakos,Mavoko
KE_LWC_199,Machakos,Mavoko
KE_LWC_207,Machakos,Machakos Town
KEN-MCK-213,Machakos,Mavoko
KEN-MCK-214,Machakos,Mavoko
KE_LWC_212,Nairobi,Embakasi East
KE_LWC_215,Nairobi,Embakasi East
KE_LWC_216,Machakos,Yatta
KE_LWC_219,Machakos,Kathiani
KE_LWC_223,Machakos,Yatta
KEN-MCK-216,Machakos,Mavoko
KEN-MCK-217,Machakos,Mavoko
KEN-MCK-218,Machakos,Mavoko
KE_LWC_227,Machakos,Kangundo
KE_LWC_233,Machakos,Yatta
KE_LWC_236,Nairobi,Embakasi South
KE_LWC_241,Machakos,Kathiani
KEN-MCK-220,Machakos,Mavoko
KE_LWC_246,Machakos,Mwala
KE_LWC_248,Machakos,Mavoko
KE_LWC_255,Machakos,Mavoko
KEN-MCK-221,Machakos,Mavoko
KEN-MCK-222,Machakos,Mavoko
KEN-MCK-223,Machakos,Mavoko
KEN-MCK-224,Machakos,Mavoko
KEN-MCK-225,Machakos,Mavoko
KE_LWC_260,Machakos,Yatta
KE_LWC_264,Machakos,Kathiani
KE_LWC_275,Machakos,Mwala
KE_LWC_282,Machakos,Mavoko
KEN-MCK-226,Machakos,Mavoko
KE_LWC_284,Machakos,Mavoko
KE_LWC_289,Machakos,Yatta
KE_LWC_298,Machakos,Mavoko
KEN-MCK-227,Machakos,Mavoko
KE_LWC_300,Machakos,Yatta
KE_LWC_317,Machakos,Mwala
KE_LWC_320,Machakos,Yatta
KE_LWC_325,Machakos,Kathiani
MAC-WAT-001,Machakos,Masinga
MAC-LND-002,Machakos,Mavoko
MAC-WAT-003,Machakos,Mwala
MAC-LND-004,Machakos,Mavoko
MAC-LND-006,Machakos,Mavoko
MAC-LND-008,Machakos,Machakos Town
MAC-WAT-009,Machakos,Yatta
MAC-LND-010,Machakos,Machakos Town
MAC-WAT-013,Machakos,Mavoko
MAC-LND-014,Nairobi,Langata
MAC-WAT-015,Machakos,Mwala
MAC-LND-016,Machakos,Mavoko
MAC-WAT-017,Machakos,Kangundo
MAC-LND-018,Machakos,Mavoko
MAC-WAT-019,Machakos,Yatta
MAC-LND-020,Machakos,Mavoko
MAC-WAT-021,Machakos,Kathiani
MAC-WAT-023,Machakos,Machakos Town
MAC-LND-024,Machakos,Mavoko
MAC-WAT-025,Machakos,Masinga
MAC-LND-026,Machakos,Mavoko
MAC-WAT-027,Machakos,Mwala
MAC-WAT-029,Machakos,Yatta
MAC-LND-030,Nairobi,Langata
MAC-LND-032,Machakos,Kathiani
MAC-LND-034,Machakos,Mavoko
MAC-WAT-035,Machakos,Mavoko
MAC-LND-036,Machakos,Yatta
MAC-WAT-037,Machakos,Yatta
MAC-LND-038,Nairobi,Langata
MAC-WAT-039,Machakos,Mavoko
MAC-LND-040,Machakos,Mavoko
MAC-LND-042,Machakos,Mavoko
MAC-WAT-043,Machakos,Machakos Town
MAC-LND-044,Machakos,Mavoko
MAC-WAT-047,Machakos,Yatta
KEN-MCK-018,Machakos,Machakos Town
NBI-008,Machakos,Mavoko
NBI-017,Nairobi,Embakasi South
KEN-MCK-077,Machakos,Yatta
KEN-NBI-014,Nairobi,Langata
KEN-NBI-016,Nairobi,Kibra
KEN-NBI-017,Nairobi,Langata
KEN-NBI-024,Nairobi,Kibra
KEN-NBI-029,Nairobi,Langata
KEN-NBI-043,Nairobi,Langata
KEN-NBI-052,Nairobi,Langata
KEN-NBI-057,Nairobi,Langata
KEN-NBI-061,Nairobi,Kibra
NBI-001,Nairobi,Langata
NBI-002,Nairobi,Langata
KEN-NBI-043-B,Nairobi,Langata
KEN-NBI-047-B,Nairobi,Langata
KEN-NBI-068,Nairobi,Langata
KEN-NBI-070,Nairobi,Langata
KEN-NBI-071,Nairobi,Langata
KEN-NBI-088,Nairobi,Langata
KEN-NBI-098,Nairobi,Langata
KEN-MCK-067,Nairobi,Langata
KEN-NBI-127,Nairobi,Langata
KEN-NBI-138,Nairobi,Langata
KEN-NBI-190,Nairobi,Langata
KEN-NBI-191,Nairobi,Langata
KEN-NBI-262,Nairobi,Langata
KEN-NBI-263,Nairobi,Langata
KEN-NBI-265,Nairobi,Langata
KEN-NBI-353,Nairobi,Langata
KEN-NBI-354,Nairobi,Langata
KEN-NBI-355,Nairobi,Langata
KEN-NBI-358,Nairobi,Langata
KEN-NBI-401,Nairobi,Langata
KEN-NBI-403,Nairobi,Langata
KEN-NBI-412,Nairobi,Langata
KEN-NBI-444,Nairobi,Langata
KEN-NBI-445,Nairobi,Langata
LWC-2015-006,Nairobi,Langata
LWC-2019-029,Nairobi,Langata
KEN-KBU-168,Nairobi,Langata
KE_LWC_135,Nairobi,Langata
KE_LWC_139,Nairobi,Embakasi South
KEN-NBI-467,Nairobi,Langata
KE_LWC_180,Nairobi,Langata
KE_LWC_185,Nairobi,Langata
KE_LWC_189,Nairobi,Embakasi South
KE_LWC_209,Nairobi,Langata
KEN-NBI-471,Nairobi,Langata
KE_LWC_229,Nairobi,Langata
KE_LWC_261,Nairobi,Langata
KE_LWC_281,Nairobi,Langata
KEN-NBI-482,Nairobi,Langata
KEN-NBI-483,Nairobi,Langata
KEN-NBI-484,Nairobi,Langata
KEN-NBI-485,Nairobi,Langata
KE_LWC_305,Nairobi,Langata
KEN-NBI-493,Nairobi,Langata
KEN-TRK-001,Turkana,Turkana North
KEN-TRK-002,Turkana,Loima
KEN-TRK-004,Turkana,Turkana Central
KEN-TRK-005,Turkana,Turkana West
KEN-TRK-006,Turkana,Turkana West
KEN-TRK-009,Turkana,Turkana South
KEN-TRK-010,Turkana,Turkana Central
KEN-TRK-011,Turkana,Turkana Central
KEN-TRK-012,Turkana,Turkana South
KEN-TRK-013,Turkana,Turkana West
KEN-TRK-015,Turkana,Turkana Central
KEN-TRK-016,Turkana,Turkana Central
KEN-TRK-017,Turkana,Turkana West
KEN-TRK-018,Turkana,Turkana South
KEN-TRK-019,Turkana,Turkana Central
KEN-TRK-020,Turkana,Turkana Central
KEN-TRK-022,Turkana,Turkana South
KEN-TRK-024,Turkana,Turkana West
KEN-TRK-031,Turkana,Turkana Central
KEN-TRK-032,Turkana,Loima
KEN-TRK-034,Turkana,Turkana West
KEN-TRK-035,Turkana,Turkana South
KEN-TRK-036,Turkana,Turkana West
KEN-TRK-037,Turkana,Loima
KEN-TRK-040,Turkana,Turkana Central
KEN-TRK-041,Turkana,Turkana East
KEN-TRK-042,Turkana,Turkana North
KEN-TRK-043,Turkana,Turkana Central
TRK-001,Turkana,Turkana Central
TRK-002,Turkana,Turkana Central
TRK-006,Turkana,Turkana Central
TRK-007,Turkana,Turkana North
KEN-TRK-029-B,Turkana,Turkana North
KEN-TRK-030-B,Turkana,Turkana Central
KEN-TRK-031-B,Turkana,Turkana North
KEN-TRK-033-B,Turkana,Turkana Central
KEN-TRK-034-B,Turkana,Turkana Central
KEN-TRK-036-B,Turkana,Turkana South
KEN-TRK-038-B,Turkana,Turkana North
KEN-TRK-039-B,Turkana,Turkana Central
KEN-TRK-040-B,Turkana,Turkana Central
KEN-TRK-041-B,Turkana,Turkana Central
KEN-TRK-042-B,Turkana,Turkana North
KEN-TRK-043-B,Turkana,Turkana Central
KEN-MCK-045,Turkana,Turkana South
KEN-TRK-054,Turkana,Turkana South
KEN-TRK-055,Turkana,Turkana South
KEN-TRK-056,Turkana,Turkana South
KEN-TRK-057,Turkana,Turkana South
KEN-TRK-058,Turkana,Turkana East
KEN-TRK-059,Turkana,Turkana South
KEN-TRK-060,Turkana,Turkana South
KEN-TRK-061,Turkana,Turkana South
KEN-TRK-062,Turkana,Turkana South
KEN-TRK-065,Turkana,Turkana South
KEN-TRK-067,Turkana,Turkana South
KEN-TRK-068,Turkana,Turkana South
KEN-TRK-069,Turkana,Turkana Central
KEN-TRK-072,Turkana,Turkana Central
KEN-TRK-073,Turkana,Turkana West
KEN-TRK-074,Turkana,Turkana South
KEN-TRK-078,Turkana,Loima
KEN-TRK-079,Turkana,Turkana South
KEN-TRK-081,Turkana,Turkana Central
KEN-TRK-082,Turkana,Turkana West
KEN-TRK-083,Turkana,Turkana West
KEN-TRK-085,Turkana,Turkana Central
KEN-TRK-086,Turkana,Turkana Central
KEN-TRK-089,Turkana,Turkana South
KEN-TRK-090,Turkana,Turkana Central
KEN-TRK-091,Turkana,Turkana South
KEN-TRK-092,Turkana,Loima
KEN-TRK-093,Turkana,Loima
KEN-TRK-094,Turkana,Loima
KEN-TRK-095,Turkana,Turkana Central
KEN-TRK-096,Turkana,Turkana Central
KEN-MCK-079,Turkana,Turkana Central
KEN-MCK-080,Turkana,Turkana Central
KEN-TRK-099,Turkana,Turkana North
KEN-TRK-102,Turkana,Turkana Central
KEN-TRK-103,Turkana,Turkana North
KEN-TRK-104,Turkana,Turkana South
KEN-TRK-106,Turkana,Turkana North
KEN-NBI-168,Turkana,Turkana South
KEN-NBI-169,Turkana,Turkana South
KEN-TRK-113,Turkana,Turkana North
KEN-TRK-116,Turkana,Turkana Central
KEN-TRK-117,Turkana,Turkana Central
KEN-TRK-118,Turkana,Turkana Central
KEN-TRK-119,Turkana,Turkana Central
KEN-TRK-121,Turkana,Turkana South
KEN-TRK-122,Turkana,Turkana Central
KEN-TRK-123,Turkana,Turkana Central
KEN-TRK-124,Turkana,Turkana South
KEN-TRK-130,Turkana,Turkana North
KEN-TRK-131,Turkana,Turkana Central
KEN-TRK-132,Turkana,Loima
KEN-TRK-134,Turkana,Turkana South
KEN-TRK-135,Turkana,Turkana North
KEN-TRK-140,Turkana,Turkana Central
KEN-TRK-141,Turkana,Turkana Central
KEN-TRK-145,Turkana,Turkana South
KEN-NBI-243,Turkana,Turkana South
KEN-TRK-154,Turkana,Turkana Central
KEN-TRK-155,Turkana,Turkana Central
KEN-TRK-156,Turkana,Turkana Central
KEN-TRK-157,Turkana,Turkana South
KEN-TRK-159,Turkana,Turkana West
KEN-TRK-160,Turkana,Turkana South
KEN-TRK-170,Turkana,Turkana Central
KEN-TRK-171,Turkana,Turkana South
KEN-TRK-172,Turkana,Turkana Central
KEN-TRK-173,Turkana,Turkana West
KEN-TRK-175,Turkana,Turkana Central
KEN-TRK-177,Turkana,Turkana Central
KEN-TRK-180,Turkana,Turkana Central
KEN-TRK-186,Turkana,Turkana Central
KEN-TRK-187,Turkana,Turkana Central
KEN-TRK-188,Turkana,Turkana Central
KEN-TRK-189,Turkana,Turkana Central
KEN-TRK-192,Turkana,Turkana Central
KEN-TRK-193,Turkana,Turkana Central
KEN-TRK-194,Turkana,Turkana Central
KEN-TRK-197,Turkana,Turkana Central
KEN-TRK-198,Turkana,Turkana South
KEN-TRK-200,Turkana,Loima
KEN-TRK-201,Turkana,Turkana Central
KEN-TRK-204,Turkana,Turkana Central
KEN-TRK-208,Turkana,Turkana South
KEN-TRK-209,Turkana,Turkana South
KEN-TRK-210,Turkana,Turkana South
KEN-TRK-211,Turkana,Turkana South
KEN-TRK-212,Turkana,Turkana South
KEN-TRK-213,Turkana,Turkana South
KEN-TRK-214,Turkana,Turkana South
KEN-TRK-215,Turkana,Turkana South
KEN-TRK-216,Turkana,Turkana South
KEN-TRK-217,Turkana,Turkana Central
KEN-TRK-218,Turkana,Turkana South
KEN-TRK-219,Turkana,Turkana South
KEN-TRK-220,Turkana,Turkana South
KEN-TRK-222,Turkana,Turkana North
KEN-TRK-223,Turkana,Turkana West
KEN-MCK-036,Turkana,Turkana South
KEN-TRK-045,Turkana,Turkana South
KEN-TRK-046,Turkana,Turkana South
KEN-TRK-047,Turkana,Turkana South
KEN-TRK-048,Turkana,Turkana South
KEN-TRK-051,Turkana,Turkana South
KEN-TRK-053,Turkana,Turkana South
LWC-2012-001,Turkana,Turkana North
LWC-2009-010,Turkana,Turkana West
LWC-2021-013,Turkana,Turkana North
KEN-TRK-233,Turkana,Turkana West
KEN-TRK-234,Turkana,Turkana South
KEN-TRK-237,Turkana,Turkana North
LWC-2007-018,Turkana,Turkana North
LWC-2016-020,Turkana,Turkana South
LWC-2022-027,Turkana,Turkana Central
LWC-2011-028,Turkana,Turkana North
LWC-2006-034,Turkana,Turkana North
LWC-2008-044,Turkana,Turkana West
LWC-2025-047,Turkana,Turkana West
KEN-TRK-239,Turkana,Turkana South
KEN-TRK-240,Turkana,Turkana South
KEN-TRK-241,Turkana,Turkana South
LWC-2024-055,Turkana,Loima
KE_LWC_092,Turkana,Turkana North
KE_LWC_095,Turkana,Turkana Central
KEN-TRK-242,Turkana,Turkana South
KE_LWC_107,Turkana,Turkana West
KE_LWC_117,Turkana,Turkana North
KEN-TRK-244,Turkana,Turkana South
KE_LWC_128,Turkana,Turkana Central
KE_LWC_133,Turkana,Turkana West
KEN-TRK-245,Turkana,Turkana Central
KEN-TRK-246,Turkana,Turkana South
KE_LWC_144,Turkana,Loima
KE_LWC_150,Turkana,Turkana West
KE_LWC_155,Turkana,Turkana North
KE_LWC_166,Turkana,Turkana South
KE_LWC_171,Turkana,Turkana West
KE_LWC_181,Turkana,Loima
KE_LWC_186,Turkana,Turkana Central
KE_LWC_196,Turkana,Loima
KE_LWC_201,Turkana,Turkana Central
KE_LWC_206,Turkana,Turkana West
KE_LWC_211,Turkana,Loima
KE_LWC_214,Turkana,Turkana West
KE_LWC_220,Turkana,Turkana South
KEN-TRK-248,Turkana,Turkana Central
KE_LWC_226,Turkana,Turkana Central
KE_LWC_231,Turkana,Turkana West
KE_LWC_242,Turkana,Turkana North
KE_LWC_244,Turkana,Turkana West
KE_LWC_251,Turkana,Turkana Central
KE_LWC_256,Turkana,Turkana South
KE_LWC_262,Turkana,Loima
KE_LWC_266,Turkana,Turkana North
KE_LWC_269,Turkana,Turkana North
KE_LWC_273,Turkana,Turkana West
KE_LWC_285,Turkana,Turkana West
KE_LWC_291,Turkana,Loima
KE_LWC_294,Turkana,Turkana North
KE_LWC_299,Turkana,Turkana South
KE_LWC_307,Turkana,Turkana Central
KE_LWC_311,Turkana,Turkana West
KE_LWC_314,Turkana,Turkana West
KE_LWC_321,Turkana,Turkana East
KE_LWC_324,Turkana,Loima
KEN-TRK-254,Turkana,Turkana Central
KEN-TRK-255,Turkana,Turkana Central
KEN-TRK-256,Turkana,Turkana West
TUR-WAT-001,Turkana,Turkana West
TUR-LND-002,Turkana,Turkana South
TUR-WAT-003,Turkana,Turkana North
TUR-LND-004,Turkana,Turkana North
TUR-WAT-005,Turkana,Turkana Central
TUR-WAT-007,Turkana,Loima
TUR-WAT-009,Turkana,Turkana Central
TUR-LND-010,Turkana,Turkana Central
TUR-WAT-011,Turkana,Turkana Central
TUR-LND-012,Turkana,Turkana North
TUR-WAT-013,Turkana,Turkana West
TUR-LND-014,Turkana,Turkana West
TUR-WAT-015,Turkana,Turkana Central
TUR-WAT-017,Turkana,Loima
TUR-LND-018,Turkana,Loima
TUR-WAT-019,Turkana,Turkana South
TUR-LND-020,Turkana,Turkana South
TUR-LND-022,Turkana,Turkana Central
TUR-WAT-023,Turkana,Turkana West
TUR-LND-024,Turkana,Turkana West
TUR-WAT-025,Turkana,Turkana Central
TUR-LND-026,Turkana,Turkana South
TUR-LND-028,Turkana,Loima
TUR-WAT-029,Turkana,Turkana Central
TUR-WAT-031,Turkana,Turkana West
TUR-LND-032,Turkana,Turkana Central
TUR-WAT-033,Turkana,Turkana South
TUR-LND-034,Turkana,Turkana Central
TUR-WAT-035,Turkana,Turkana North
TUR-WAT-037,Turkana,Turkana West
TUR-LND-038,Turkana,Turkana South
TUR-WAT-039,Turkana,Turkana North
TUR-LND-040,Turkana,Turkana North
TUR-WAT-041,Turkana,Turkana Central
TUR-WAT-043,Turkana,Loima
TUR-WAT-045,Turkana,Turkana Central
TUR-LND-046,Turkana,Turkana Central
TUR-WAT-047,Turkana,Turkana Central
TUR-LND-048,Turkana,Turkana North
TUR-WAT-049,Turkana,Turkana West
TUR-LND-050,Turkana,Turkana South
TUR-WAT-051,Turkana,Turkana West
TUR-LND-052,Turkana,Turkana Central
TUR-WAT-053,Turkana,Turkana West
TUR-LND-054,Turkana,Turkana South
TUR-WAT-055,Turkana,Loima
TUR-LND-056,Turkana,Turkana North
TUR-WAT-057,Turkana,Turkana South
TUR-WAT-059,Turkana,Turkana Central
TUR-WAT-061,Turkana,Turkana West
TUR-LND-062,Turkana,Turkana South
TUR-WAT-063,Turkana,Turkana North
TUR-LND-064,Turkana,Turkana North
TUR-WAT-065,Turkana,Turkana Central
TUR-WAT-067,Turkana,Loima
TUR-WAT-069,Turkana,Turkana Central
TUR-LND-070,Turkana,Turkana Central
TUR-WAT-071,Turkana,Turkana Central
TUR-LND-072,Turkana,Turkana North
KEN-TRK-075,Turkana,Turkana Central
KEN-TRK-100,Turkana,Turkana North
KEN-TRK-191,Turkana,Turkana Central
KEN-TRK-195,Turkana,Turkana South
KEN-TRK-231,Turkana,Turkana North
LWC-2019-040,Turkana,Turkana South
KE_LWC_116,Turkana,Turkana East
KE_LWC_138,Turkana,Turkana South
KE_LWC_159,Turkana,Turkana South
KE_LWC_177,Turkana,Turkana South
KE_LWC_191,Turkana,Loima
KE_LWC_279,Turkana,Turkana South
TUR-LND-008,Turkana,Turkana South
TUR-LND-042,Turkana,Turkana South
TUR-LND-044,Turkana,Turkana South
TUR-LND-058,Turkana,Turkana South
TUR-LND-060,Turkana,Loima
TUR-LND-066,Turkana,Turkana South
TUR-LND-068,Turkana,Turkana South
KEN-TRK-003,Turkana,Turkana South
KEN-TRK-007,Turkana,Turkana Central
KEN-TRK-014,,
KEN-MCK-019,Machakos,Masinga
KEN-TRK-023,,
KEN-KBU-019,,
KEN-TRK-025,,
KEN-KBU-023,,
KEN-MCK-025,Machakos,Mavoko
KEN-TRK-028,Turkana,Turkana East
KEN-KBU-030,Kiambu,Githunguri
KEN-TRK-038,,
KEN-TRK-039,,
KEN-MCK-033,,
NBI-018,,
KMB-005,Kiambu,Githunguri
TRK-003,,
KEN-TRK-032-B,,
KEN-KBU-025-B,Kiambu,Gatundu North
KEN-KBU-026-B,,
KEN-KBU-053,Kiambu,Gatundu North
KEN-TRK-097,,
KEN-TRK-153,Turkana,Turkana East
KEN-TRK-190,,
KEN-KBU-132,Kiambu,Githunguri
KEN-NBI-373,,
KEN-KBU-150,Kiambu,Githunguri
KEN-TRK-221,Turkana,Loima
KEN-TRK-050,,
KEN-TRK-052,,
KEN-KBU-158,Kiambu,Githunguri
LWC-2004-005,,
LWC-2018-033,Machakos,Kathiani
KE_LWC_104,,
KE_LWC_190,Kiambu,Kikuyu
KEN-MCK-215,Kiambu,Githunguri
KE_LWC_234,,
KE_LWC_277,Turkana,Turkana East
KE_LWC_328,Kiambu,Thika Town
KMB-WAT-018,Kiambu,Githunguri
KMB-LND-019,Kiambu,Limuru
TUR-LND-006,,
TUR-LND-016,,
TUR-WAT-021,Turkana,Turkana East
TUR-WAT-027,Turkana,Turkana Central
TUR-LND-030,,
TUR-LND-036,,
MAC-LND-046,Machakos,Masinga
