S/No.,WRUA_NAME,SRO,Area,status,Basin (B),B_code,Areakm2,CentroidX,CentroidY,Subbasin
1,Nzetu,TIVA/TYAA,195.147995,Not Formed,TCA,20,195.27,38.218532,-0.344713,4FB
2,Lower Tyaa,TIVA/TYAA,371.8169861,Formed,TCA,20,372.01,38.024682,-0.789248,4ED
3,Mathauta,TIVA/TYAA,327.0039978,Formed,TCA,20,327.06,37.580893,-1.056914,4DE
4,Kalikuvu,TIVA/TYAA,1317.469971,Not Formed,TCA,20,1318.49,38.783968,-1.446411,4GC
5,Tsavo East National Park,TIVA/TYAA,1830.040039,Not Formed,TCA,20,1831.37,38.54005,-2.330891,4HB
6,Lagha Kokani,TIVA/TYAA,6367.390137,Not Formed,TCA,20,6372.35,38.97731,-2.112078,4HB
7,Kawala,TIVA/TYAA,6586.189941,Not Formed,TCA,20,6591.27,38.997705,-2.701318,4HC
8,Kauwi,TIVA/TYAA,140.7879944,Formed,TCA,20,140.85,37.944103,-1.243807,4HA
9,Upper Mikuyuni,TIVA/TYAA,137.3809967,Formed,TCA,20,137.43,37.797094,-1.285815,4HA
10,Matinga Ndiliu,TIVA/TYAA,311.302002,Formed,TCA,20,311.48,38.122615,-2.161066,4HA
11,Upper Mwitasyano,TIVA/TYAA,289.9450073,Not Formed,TCA,20,290.02,37.674234,-1.176827,4HA
12,Kamutu,TIVA/TYAA,243.9839935,Formed,TCA,20,244.04,37.627517,-0.931811,4DE
13,Ekalakala,TIVA/TYAA,254.8220062,Formed,TCA,20,254.85,37.476207,-1.045862,4CC
14,Kitimui,TIVA/TYAA,156.4559937,Formed,TCA,20,156.53,37.966554,-1.28462,4HA
15,Mukengesya,TIVA/TYAA,172.8090057,Formed,TCA,20,172.87,37.775812,-1.014174,4ED
16,Kamunyuni,TIVA/TYAA,168.4550018,Not Formed,TCA,20,168.56,38.21582,-1.771181,4GC
17,Upper Tiva,TIVA/TYAA,150.0890045,Not Formed,TCA,20,150.15,37.887207,-1.422192,4HA
18,Upper Thua,TIVA/TYAA,263.1300049,Formed,TCA,20,263.27,38.097454,-1.248491,4GC
19,Upper Ikoo,TIVA/TYAA,175.7949982,Formed,TCA,20,175.89,38.137686,-1.147557,4GC
20,Nzeeu,TIVA/TYAA,143.4380035,Formed,TCA,20,143.51,38.018233,-1.45737,4HA
21,Ikanga,TIVA/TYAA,170.8730011,Formed,TCA,20,170.96,38.073144,-1.618814,4HA
22,Mumaki,TIVA/TYAA,302.7279968,Formed,TCA,20,302.85,37.847289,-1.134551,4ED
23,Middle Mwitasyano,TIVA/TYAA,237.6369934,Formed,TCA,20,237.71,37.716338,-1.329201,4HA
24,Mwanzitumo,TIVA/TYAA,93.52400208,Not Formed,TCA,20,93.56,37.853641,-1.27284,4HA
25,Mui,TIVA/TYAA,342.3139954,Not Formed,TCA,20,342.52,38.193915,-1.07356,4GC
26,Lower Ikoo,TIVA/TYAA,386.1530151,Not Formed,TCA,20,386.39,38.237436,-1.337275,4GC
27,Iuuma,TIVA/TYAA,325.3389893,Formed,TCA,20,325.44,37.749455,-0.921697,4ED
28,Kithyoko,TIVA/TYAA,134.5350037,Not Formed,TCA,20,134.59,37.853046,-0.94564,4ED
29,Kisio,TIVA/TYAA,148.7769928,Not Formed,TCA,20,148.86,38.126507,-1.499418,4GC
30,Kiongwe,TIVA/TYAA,109.7149963,Formed,TCA,20,109.78,38.108193,-1.381404,4GC
31,Mwiwe,TIVA/TYAA,93.43299866,Formed,TCA,20,93.48,38.04888,-1.515412,4HA
32,Kalundu,TIVA/TYAA,158.2779999,Formed,TCA,20,158.35,37.964268,-1.428106,4HA
33,Lower MwitaSyano,TIVA/TYAA,209.826004,Formed,TCA,20,209.9,37.78794,-1.46627,4HA
34,Ilika Tiva,TIVA/TYAA,107.4140015,Not Formed,TCA,20,107.46,37.863266,-1.566642,4HA
35,Kanumu,TIVA/TYAA,232.7440033,Not Formed,TCA,20,232.91,38.415406,-0.224181,4GA
36,Karura,TIVA/TYAA,110.4059982,Not Formed,TCA,20,110.46,37.952937,-0.838069,4ED
37,Katse,TIVA/TYAA,210.8880005,Not Formed,TCA,20,211,38.05373,-0.522164,4FB
38,Koma,TIVA/TYAA,155.9559937,Not Formed,TCA,20,156.03,37.984685,-1.594032,4HA
39,Machungwa,TIVA/TYAA,571.9819946,Not Formed,TCA,20,572.39,38.458404,-0.255715,4GA
40,Manguva,TIVA/TYAA,101.0579987,Formed,TCA,20,101.1,37.937645,-1.096489,4ED
41,Masaa,TIVA/TYAA,247.1900024,Not Formed,TCA,20,247.31,37.987379,-0.634547,4ED
42,Mataka,TIVA/TYAA,280.7770081,Not Formed,TCA,20,280.94,38.185763,-0.436881,4FB
43,Monune,TIVA/TYAA,255.3569946,Not Formed,TCA,20,255.55,38.582649,-0.207908,4GA
44,Kora Muthongi,TIVA/TYAA,178.4420013,Not Formed,TCA,20,178.58,38.695081,-0.130537,4GA
45,Mukangoni Kinango,TIVA/TYAA,349.6740112,Not Formed,TCA,20,349.91,38.34301,-0.226354,4FB
46,Mid Tiva,TIVA/TYAA,226.0379944,Formed,TCA,20,226.14,37.921398,-1.658273,4HA
47,Lower Nzeeu,TIVA/TYAA,199.6430054,Not Formed,TCA,20,199.75,38.091752,-1.778379,4HA
48,Lower Tiva,TIVA/TYAA,260.2780151,Not Formed,TCA,20,260.41,38.002763,-1.8291,4HA
49,Mutwangi,TIVA/TYAA,151.3059998,Not Formed,TCA,20,151.4,38.263822,-0.18474,4FB
50,Nzanzeni,TIVA/TYAA,114.2839966,Not Formed,TCA,20,114.35,38.212009,-0.218367,4FB
51,Nzuli,TIVA/TYAA,358.178009,Not Formed,TCA,20,358.34,37.938848,-0.95424,4ED
52,Upper Tyaa,TIVA/TYAA,152.9029999,Formed,TCA,20,152.98,38.047069,-1.013176,4ED
53,Kanziko Kyoni,TIVA/TYAA,159.4029999,Not Formed,TCA,20,159.48,38.04349,-1.967781,4HA
54,Tiva Kimuru,TIVA/TYAA,189.0379944,Not Formed,TCA,20,189.15,38.175501,-2.074969,4HA
55,Kawala Muungua,TIVA/TYAA,219.5310059,Not Formed,TCA,20,219.67,38.262526,-2.211931,4HA
56,Mutindi,TIVA/TYAA,859.5339966,Not Formed,TCA,20,860.11,38.357123,-2.036134,4HB
57,Upper Enziu,TIVA/TYAA,359.696991,Formed,TCA,20,359.91,38.164623,-0.786044,4GE
58,Ndilo Isio,TIVA/TYAA,292.446991,Not Formed,TCA,20,292.64,38.319935,-0.765812,4GE
59,Katiliku,TIVA/TYAA,335.5429993,Not Formed,TCA,20,335.74,38.18335,-0.933806,4GE
60,Lower Ndilo,TIVA/TYAA,373.1679993,Not Formed,TCA,20,373.42,38.36031,-0.939688,4GE
61,Middle Enziu,TIVA/TYAA,360.9859924,Formed,TCA,20,361.24,38.451093,-1.049514,4GE
62,Kakame Kayene,TIVA/TYAA,397.1719971,Not Formed,TCA,20,397.44,38.398768,-1.336153,4GE
63,Makuka,TIVA/TYAA,294.5150146,Not Formed,TCA,20,294.72,38.428041,-1.157472,4GE
64,Kololo ILmukuyu,TIVA/TYAA,126.8519974,Not Formed,TCA,20,126.94,38.434541,-1.262286,4GE
65,Katothya,TIVA/TYAA,272.269989,Not Formed,TCA,20,272.47,38.535466,-1.208996,4GE
66,Ilika Ngovu,TIVA/TYAA,263.0339966,Not Formed,TCA,20,263.24,38.767118,-1.202021,4GE
67,Waldena,TIVA/TYAA,1234.709961,Not Formed,TCA,20,1235.68,39.140333,-1.807867,4GC
68,kalikuvu Mutha,TIVA/TYAA,520.0159912,Not Formed,TCA,20,520.4,38.589542,-1.774004,4GC
69,Upper Mathima,TIVA/TYAA,176.4570007,Not Formed,TCA,20,176.57,38.334721,-1.801416,4GC
70,Ngunga Kaliluni,TIVA/TYAA,189.9669952,Not Formed,TCA,20,190.08,38.201069,-1.666723,4GC
71,Ngungi,TIVA/TYAA,159.2230072,Not Formed,TCA,20,159.32,38.230227,-1.481223,4GC
72,Maveti,TIVA/TYAA,205.951004,Not Formed,TCA,20,206.08,38.24787,-1.593619,4GC
73,Mwinga,TIVA/TYAA,321.5320129,Not Formed,TCA,20,321.75,38.353655,-1.571122,4GC
74,Lower Mathima,TIVA/TYAA,142.9640045,Not Formed,TCA,20,143.06,38.413261,-1.717354,4GC
75,Lower Thua,TIVA/TYAA,310.0629883,Not Formed,TCA,20,310.29,38.52408,-1.645758,4GC
76,Kitole,TIVA/TYAA,643.0819702,Not Formed,TCA,20,643.58,39.262944,-1.55065,4GC
77,TwiMavui,TIVA/TYAA,984.552002,Not Formed,TCA,20,985.32,38.773165,-1.589687,4GC
78,kalange,TIVA/TYAA,180.1340027,Not Formed,TCA,20,180.24,38.112478,-0.428465,4FB
79,Komo,TIVA/TYAA,262.0899963,Not Formed,TCA,20,262.21,37.969215,-0.481946,4ED
80,Tharaka,TIVA/TYAA,145.1600037,Not Formed,TCA,20,145.23,38.032936,-0.344052,4FA
81,Kavyuvaa,TIVA/TYAA,165.8119965,Formed,TCA,20,165.91,38.134992,-1.890479,4HA
82,Kyambusya,TIVA/TYAA,119.7149963,Not Formed,TCA,20,119.79,38.183814,-1.942372,4HA
83,Lower Enziu,TIVA/TYAA,565.7119751,Not Formed,TCA,20,566.14,38.670266,-1.331631,4GE
84,Al Amin Moju,Lower Tana,1142.709961, ,TCA,20,1143.58,38.677681,-0.347141,4GB
85,Chanyigi Mbubu WRUA,Lower Tana,936.1240234, ,TCA,20,936.83,38.62437,-0.300079,4GB
86,Tawakal,Lower Tana,643.9359741, ,TCA,20,644.45,39.034671,-0.313153,4GB
87,Madogo,Lower Tana,2212.560059, ,TCA,20,2214.18,39.445202,-0.430405,4GC
88,Lagha Tula,Lower Tana,1330.72998, ,TCA,20,1331.78,38.982363,-0.603757,4GD
89,Upper lagha Tula,Lower Tana,692.4749756, ,TCA,20,692.93,38.317984,-0.624233,4GD
90,Farbulo Areri,Lower Tana,695.5410156, ,TCA,20,696.08,39.28417,-0.550783,4GD
91,Habarow,Lower Tana,363.5750122, ,TCA,20,363.86,39.311954,-0.078194,4GC
92,Kasha,Lower Tana,258.32901, ,TCA,20,258.53,39.161867,-0.031454,4GB
93,Balambala(Khorweyne),Lower Tana,270.5710144, ,TCA,20,270.79,39.057148,0.029038,4GB
94,Lower Rahole,Lower Tana,246.5630035, ,TCA,20,246.76,38.945367,0.041188,4GB
95,Urukate Rahole WRUA,Lower Tana,234.7879944, ,TCA,20,234.97,38.843362,-0.005487,4GB
96,Gora,Lower Tana,743.5830078, ,TCA,20,744.17,38.778016,0.202468,4GB
97,Kanyang -Balich,Lower Tana,365.2669983, ,TCA,20,365.53,39.473221,-0.149393,4GC
98,Raya,Lower Tana,180.0059967, ,TCA,20,180.13,39.616296,-0.278238,4GC
99,Gananamaro,Lower Tana,170.1990051, ,TCA,20,170.31,39.6586,-0.404139,4GC
100,Kora kora,Lower Tana,228.5939941, ,TCA,20,228.73,39.802164,-0.556608,4GC
101,KamoraleWRUA,Lower Tana,231.8179932, ,TCA,20,231.94,39.941911,-0.622118,4KB
102,Talasaan,Lower Tana,131.1549988, ,TCA,20,131.23,39.849152,-0.732011,4GD
103,Lagha  madhah marodhi,Lower Tana,266.7669983, ,TCA,20,266.91,39.911574,-0.834118,4GD
104,Bura wathejiri,Lower Tana,623.9130249, ,TCA,20,624.21,40.022543,-1.076348,4KB
105,Lower Lagha Tula,Lower Tana,561.5930176, ,TCA,20,561.97,39.63213,-0.759755,4GD
106,lagha gelmat,Lower Tana,521.5120239, ,TCA,20,521.88,39.561299,-0.803112,4GD
107,Bil bil_wolesa,Lower Tana,1422.560059, ,TCA,20,1423.54,39.537148,-0.907413,4GD
108,Lahga Hirmani-Bangale,Lower Tana,1276.72998, ,TCA,20,1277.72,39.23405,-0.91926,4GE
109,Ukasi(Matia_Chama),Lower Tana,2064.889893, ,TCA,20,2066.48,38.763606,-0.96159,4GE
110,Lower lagha hirimani,Lower Tana,2469.800049, ,TCA,20,2471.47,39.579731,-1.209726,4GE
111,Lower Galole,Lower Tana,890.9799805, ,TCA,20,891.49,39.841524,-1.471851,4GC
112,Upper galole,Lower Tana,1537.939941, ,TCA,20,1539.08,39.3824,-1.402722,4GC
113,Moyowa dida(Wenje),Lower Tana,1299.579956, ,TCA,20,1300.27,39.914713,-1.731902,4GC
114,Makere_Bohoni,Lower Tana,576.2890015, ,TCA,20,576.53,40.116859,-1.333497,4GE
115,Ijara,Lower Tana,655.2459717, ,TCA,20,655.5,40.169464,-1.657803,4GC
116,Kotile Korisa,Lower Tana,422.9570007, ,TCA,20,423.1,40.228491,-1.890107,4GC
117,Mnazini_Baomo,Lower Tana,2125.75, ,TCA,20,2127.06,39.752544,-1.894811,4GC
118,Salama,Lower Tana,239.5529938, ,TCA,20,239.64,40.213016,-2.105023,4GG
119,Sera(Tivaa_Kokane),Lower Tana,1753.790039, ,TCA,20,1754.91,39.756625,-2.155749,4HB
120,Upper Lagha Buna,Lower Tana,1791.680054, ,TCA,20,1792.8,39.75763,-2.438863,4GG
121,R Janjalo_Dierra,Lower Tana,897.7059937, ,TCA,20,898.15,39.952876,-2.72329,4GG
122,Karawa,Lower Tana,463.4859924, ,TCA,20,463.65,40.208625,-2.608943,4GG
123,Lake Shakababo,Lower Tana,425.125, ,TCA,20,425.31,40.095777,-2.476289,4GG
124,Kipini (KIOKI),Lower Tana,777.2210083, ,TCA,20,777.43,40.333105,-2.416247,4GG
125,Lagha Buna,Lower Tana,366.427002, ,TCA,20,366.61,39.994056,-2.341974,4GG
126,Witu,Lower Tana,1674.060059, ,TCA,20,1674.38,40.419943,-2.214984,4GG
127,Lake Kenyatta,Lower Tana,413.4670105, ,TCA,20,413.44,40.696985,-2.398662,4KB
128,Amu Island,Lower Tana,51.29669952, ,TCA,20,51.28,40.861703,-2.286443,4KB
129,Hindi-Magogoni (Bele bele Chomo),Lower Tana,1678.26001, ,TCA,20,1678.17,40.664363,-2.100779,4KB
130,Manda Island,Lower Tana,49.31940079, ,TCA,20,49.3,40.944237,-2.267066,4KB
131,Pate Island,Lower Tana,89.09590149, ,TCA,20,89.05,41.07102,-2.095696,4KA
132,Ijara Jalish,Lower Tana,1448.839966, ,TCA,20,1449.1,40.429669,-1.58001,4KB
133,BodhI (Lake jerry),Lower Tana,1411.26001, ,TCA,20,1410.97,40.832329,-1.732668,4KB
134,Mangai (Dodori),Lower Tana,1535.630005, ,TCA,20,1534.81,41.071311,-1.740834,4KA
135,Kiunga,Lower Tana,1657.699951, ,TCA,20,1656.21,41.365216,-1.655849,4JB
136,Shimbiley,Lower Tana,591.8959961, ,TCA,20,592.31,39.548363,-0.021439,4JA
137,Lago,Lower Tana,930.1329956, ,TCA,20,930.68,39.800692,-0.187718,4JA
138,Harbole_Daiso,Lower Tana,1075.099976, ,TCA,20,1075.59,40.022903,-0.336156,4JA
139,Wel merer,Lower Tana,985.5089722, ,TCA,20,985.72,40.328107,-0.245895,4JA
140,Fafo,Lower Tana,885.4719849, ,TCA,20,885.61,40.434298,-0.501737,4JA
141,Katama,Lower Tana,1735.709961, ,TCA,20,1735.41,40.77168,-0.604021,4JA
142,Biya Gadud,Lower Tana,957.9530029, ,TCA,20,958.27,40.20955,-0.92156,4KB
143,Hulugoh Boma Hadi,Lower Tana,1883.030029, ,TCA,20,1882.04,41.11265,-1.167331,4JB
144,Madhah marub,Lower Tana,2109.52002, ,TCA,20,2109.9,40.40051,-1.247171,4KB
145,Galma Galla,Lower Tana,2399.399902, ,TCA,20,2398.82,40.829058,-1.293506,4KA
146,Biliftu_Dela,Lower Tana,1632.660034, ,TCA,20,1633.36,40.069643,-0.52248,4KA
147,Towfiq kuriti,Lower Tana,1147.949951, ,TCA,20,1148.85,38.861785,-0.85807,4GE
148,Gedilun,Lower Tana,669.9910278, ,TCA,20,670.05,40.522683,-1.744096,4KB
149,Sharaha,Lower Tana,300.3720093, ,TCA,20,300.42,40.473909,-1.856846,4KB
150,Mansiguda,Lower Tana,468.9580078, ,TCA,20,469.33,38.974939,-0.25656,4GB
151,Al Rahim Upper,Lower Tana,474.3190002, ,TCA,20,474.68,38.708326,-0.664748,4GD
152,Uluma,Lower Tana,92.08209991, ,TCA,20,92.14,39.737265,-0.534222,4GC
153,Anaam,Lower Tana,93.62940216, ,TCA,20,93.69,39.697711,-0.491496,4GC
154,upper madah marub,Lower Tana,509.9909973, ,TCA,20,510.22,40.062582,-0.780318,4KB
155,Kiwanja yarey,Lower Tana,371.0109863, ,TCA,20,371.03,40.568828,-0.207582,4JA
156,Amuma,Lower Tana,2059.580078, ,TCA,20,2059.21,40.81407,-0.20229,4JA
157,upper Galma Galla,Lower Tana,2097.060059, ,TCA,20,2097.13,40.581882,-0.869822,4KA
158,Garsen,Lower Tana,427.4710083, ,TCA,20,427.68,40.020524,-2.223181,4GG
159,Wenje(Kigaruni),Lower Tana,1058.089966, ,TCA,20,1058.88,39.393459,-1.650029,4GC
160,Kansarokana,Lower Tana,467.6799927, ,TCA,20,468.05,38.997907,-1.228068,4GE
161,Kiwe,Thiba,122.038002,Formed,TCA,20,122.02,37.281199,-0.578268,4DA
162,Itabua,Thiba,222.9360046,Not Formed,TCA,20,222.97,37.544496,-0.606903,4DD
163,Lower Rupigazi,Thiba,127.2669983,Formed,TCA,20,127.28,37.474273,-0.529657,4DC
164,Riachina,Thiba,111.9420013,Not Formed,TCA,20,111.99,37.857196,-0.743599,4ED
165,Gichichie,Thiba,106.3330002,Not Formed,TCA,20,106.37,37.768444,-0.742497,4ED
166,Lower Ena,Thiba,210.3569946,Formed,TCA,20,210.44,37.823543,-0.480935,4EC
167,Lower Nyamindi,Thiba,156.9850006,Formed,TCA,20,156.99,37.423055,-0.613586,4DB
168,Thiba Kaburu,Thiba,287.5429993,Not Formed,TCA,20,287.6,37.583748,-0.771248,4DD
169,Ngariira,Thiba,98.64649963,Formed,TCA,20,98.68,37.721318,-0.763114,4ED
170,Rwamuthambi,Thiba,186.1000061,Formed,TCA,20,186.07,37.218556,-0.546831,4BC
171,Kiriiri,Thiba,106.9179993,Formed,TCA,20,106.94,37.657784,-0.634836,4ED
172,Itimbogo,Thiba,275.1199951,Formed,TCA,20,275.18,37.621002,-0.50218,4EC
173,Upper Nyamindi,Thiba,264.9859924,Formed,TCA,20,264.98,37.356836,-0.375566,4DA
174,Upper Rupigazi,Thiba,214.1000061,Formed,TCA,20,214.11,37.405103,-0.344772,4DC
175,Upper Thiba,Thiba,317.6870117,Formed,TCA,20,317.66,37.30221,-0.402674,4DA
176,Wachoro,Thiba,103.8440018,Formed,TCA,20,103.84,37.343804,-0.804125,4BG
177,Rwanjoga,Thiba,150.3730011,Formed,TCA,20,150.42,37.777565,-0.562273,4EC
178,Kirwara,Thiba,102.5429993,Formed,TCA,20,102.53,37.28759,-0.696551,4BE
179,Kabusia /wango,Thiba,140.5200043,Formed,TCA,20,140.53,37.489547,-0.845363,4BG
180,Lower Thiba,Thiba,252.0809937,Formed,TCA,20,252.09,37.409949,-0.68575,4DA
181,Kiambere,Thiba,103.2549973,Not Formed,TCA,20,103.3,37.86272,-0.636835,4ED
182,Mugaka,Thiba,102.7340012,Formed,TCA,20,102.73,37.383214,-0.597079,4DB
183,Middle Thura,Thiba,104.7369995,Formed,TCA,20,104.77,37.792877,-0.640149,4ED
184,Upper Ena,Thiba,122.3909988,Formed,TCA,20,122.41,37.515722,-0.415601,4EC
185,Gangara,Thiba,64.1588974,Formed,TCA,20,64.18,37.719255,-0.633649,4ED
186,Honi,Upper_Tana,181.1999969,Formed,TCA,20,181.07,36.773019,-0.343538,4AB
187,Lower Chania,Upper_Tana,295.3479919,Formed,TCA,20,295.15,36.818981,-0.876199,4CA
188,Chania,Upper_Tana,277.6029968,Formed,TCA,20,277.41,36.819829,-0.446271,4AC
189,Upper Maragwa,Upper_Tana,226.3820038,Formed,TCA,20,226.25,36.884622,-0.727641,4BE
190,Chinga,Upper_Tana,107.8119965,Formed,TCA,20,107.75,36.874501,-0.568224,4AD
191,Lower Maragua,Upper_Tana,122.3570023,Formed,TCA,20,122.33,37.13928,-0.770594,4BE
192,Upper Gura,Upper_Tana,199.8099976,Formed,TCA,20,199.67,36.79885,-0.534979,4AD
193,Mid sagana(Hohwe),Upper_Tana,49.77180099,Formed,TCA,20,49.76,37.089229,-0.379983,4AA
194,Kabuku,Upper_Tana,192.2369995,Not Formed,TCA,20,192.17,37.047666,-0.927609,4CC
195,Kagumo,Upper_Tana,139.1929932,Formed,TCA,20,139.13,36.979358,-0.47183,4AC
196,Rongai,Upper_Tana,264.9299927,Formed,TCA,20,264.82,37.028969,-0.279488,4AB
197,Kayahwe,Upper_Tana,142.5050049,Formed,TCA,20,142.44,37.002455,-0.729594,4BE
198,Kiama,Upper_Tana,125.5550003,Formed,TCA,20,125.49,36.913237,-0.892437,4CB
199,Lower Mathioya,Upper_Tana,88.36959839,Formed,TCA,20,88.35,37.145573,-0.706872,4BD
200,Mwaniambogo,Upper_Tana,161.2649994,Formed,TCA,20,161.26,37.328907,-0.938872,4BG
201,Muringato,Upper_Tana,232.5500031,Formed,TCA,20,232.41,36.85524,-0.378114,4AB
202,North Mathioya,Upper_Tana,219.7429962,Formed,TCA,20,219.62,36.90469,-0.629168,4BD
203,Nairobi,Upper_Tana,113.564003,Formed,TCA,20,113.53,37.127174,-0.276471,4AA
204,Ragati,Upper_Tana,255.2559967,Formed,TCA,20,255.2,37.178616,-0.449658,4BC
205,Rwarai,Upper_Tana,150.8410034,Formed,TCA,20,150.79,37.062493,-0.619251,4BA
206,South Mathioya,Upper_Tana,237.8589935,Formed,TCA,20,237.74,36.921322,-0.672234,4BD
207,Saba,Upper_Tana,161.2389984,Formed,TCA,20,161.19,37.082875,-0.823706,4BF
208,Sagana,Upper_Tana,122.7249985,Formed,TCA,20,122.7,37.16246,-0.295179,4AA
209,Sasumua,Upper_Tana,230.4759979,Formed,TCA,20,230.27,36.663484,-0.735103,4CA
210,Lower Saba,Upper_Tana,229.5410004,Formed,TCA,20,229.48,37.143419,-0.860824,4BF
211,Thegu,Upper_Tana,157.0540009,Formed,TCA,20,157.01,37.143301,-0.285272,4AA
212,Thiha (lower sagana),Upper_Tana,146.772995,Not Formed,TCA,20,146.73,37.122011,-0.559807,4BA
213,Thika Upper,Upper_Tana,198.2200012,Formed,TCA,20,198.1,36.875184,-0.822664,4CB
214,Thika Mid,Upper_Tana,259.6140137,Formed,TCA,20,259.57,37.207485,-1.003704,4CC
215,Ndera,Upper_Tana,119.1709976,Not Formed,TCA,20,119.16,37.275914,-0.882113,4BG
216,Lower Thika,Upper_Tana,133.201004,Formed,TCA,20,133.2,37.411872,-0.937745,4CC
217,Gura,Upper_Tana,146.9360046,Formed,TCA,20,146.86,36.924383,-0.533604,4AD
218,Muthera,Upper_Tana,45.75189972,Formed,TCA,20,45.74,37.113265,-0.381139,4AA
219,"Thika, Muti, kaliala",Upper_Tana,212.0160065,Formed,TCA,20,212.02,37.403466,-1.04982,4CC
220,Meru National Park,Kathita Mutonga,1523.650024,Not Formed,TCA,20,1524.77,38.547432,0.15136,4GA
221,Lower Thangatha,Kathita Mutonga,257.9110107,Formed,TCA,20,258.06,38.113633,-0.044663,4FB
222,Upper Thangatha,Kathita Mutonga,201.0619965,Formed,TCA,20,201.15,37.923474,0.089251,4FB
223,Kithino,Kathita Mutonga,120.5270004,Formed,TCA,20,120.56,37.683885,-0.13581,4EA
224,Mutonga Kiamuga,Kathita Mutonga,135.5379944,Formed,TCA,20,135.55,37.502227,-0.137756,4EA
225,Mutonga KK,Kathita Mutonga,171.7140045,Not Formed,TCA,20,171.79,37.930664,-0.345708,4FA
226,Mutonga Kagaka,Kathita Mutonga,134.0509949,Formed,TCA,20,134.1,37.762967,-0.223319,4EA
227,Bwathonaro,Kathita Mutonga,381.5010071,Formed,TCA,20,381.7,38.057044,0.216515,4FB
228,Amuathi Bibi,Kathita Mutonga,611.6350098,Not Formed,TCA,20,612.03,38.249833,0.371374,4GA
229,Mariara,Kathita Mutonga,143.8890076,Formed,TCA,20,143.93,37.692487,-0.025527,4FA
230,Iraru,Kathita Mutonga,152.1759949,Formed,TCA,20,152.21,37.621266,-0.13694,4EA
231,Upper Ura,Kathita Mutonga,195.5980072,Formed,TCA,20,195.69,37.956739,0.141517,4FB
232,Kiolou,Kathita Mutonga,288.9060059,Not Formed,TCA,20,289.08,38.195187,0.062035,4FB
233,Ngakinya,Kathita Mutonga,166.0099945,Formed,TCA,20,166.05,37.651381,0.089328,4FA
234,Lower Thingithu,Kathita Mutonga,248.7559967,Formed,TCA,20,248.87,37.917172,-0.181837,4FA
235,Kuuru,Kathita Mutonga,107.7570038,Formed,TCA,20,107.8,37.813128,0.047139,4FA
236,Murera,Kathita Mutonga,372.4559937,Not Formed,TCA,20,372.67,38.156813,0.216206,4FB
237,Mutonga Kamatha,Kathita Mutonga,101.5319977,Not Formed,TCA,20,101.57,37.847972,-0.295356,4EA
238,Mubuura,Kathita Mutonga,289.2489929,Not Formed,TCA,20,289.41,38.10513,-0.178428,4FB
239,Upper Daregote,Kathita Mutonga,280.6419983,Not Formed,TCA,20,280.82,38.230299,0.31459,4GA
240,Upper Bisinadi,Kathita Mutonga,297.7690125,Not Formed,TCA,20,297.94,38.161748,0.299068,4GA
241,Upper Thanantu,Kathita Mutonga,156.5659943,Formed,TCA,20,156.63,37.854283,0.105066,4FB
242,Gachiege,Kathita Mutonga,114.1179962,Formed,TCA,20,114.15,37.666131,0.008627,4FA
243,Lower Thanantu,Kathita Mutonga,163.9250031,Formed,TCA,20,164.01,38.009467,-0.118033,4FA
244,Middle Kathita,Kathita Mutonga,174.9720001,Formed,TCA,20,175.05,37.887342,-0.072372,4FA
245,Mid Thingithu,Kathita Mutonga,140.052002,Not Formed,TCA,20,140.1,37.781738,-0.092637,4FA
246,Upper Thingithu,Kathita Mutonga,131.0879974,Formed,TCA,20,131.11,37.58211,-0.052456,4FA
247,Nithi,Kathita Mutonga,148.9920044,Formed,TCA,20,149.01,37.519779,-0.203361,4EB
248,North Mara,Kathita Mutonga,150.6199951,Formed,TCA,20,150.66,37.696444,-0.248675,4EB
249,Naka,Kathita Mutonga,100.848999,Formed,TCA,20,100.88,37.730425,-0.338898,4EB
250,Tungu,Kathita Mutonga,104.973999,Formed,TCA,20,105,37.642874,-0.289985,4EB
251,South Maara,Kathita Mutonga,134.1130066,Formed,TCA,20,134.14,37.610419,-0.227219,4EB
252,Ruguti,Kathita Mutonga,247.4080048,Formed,TCA,20,247.46,37.605058,-0.301282,4EB
253,Upper Thuci,Kathita Mutonga,205.4839935,Formed,TCA,20,205.51,37.528231,-0.323779,4EB
254,Lower Ura,Kathita Mutonga,340.9700012,Formed,TCA,20,341.17,38.156974,0.022087,4FB
255,Lower Thuci,Kathita Mutonga,109.5469971,Formed,TCA,20,109.58,37.771178,-0.415564,4EB
256,Luguso,Kathita Mutonga,184.7830048,Formed,TCA,20,184.79,37.439622,-0.028561,4FA
257,Upper Kathita,Kathita Mutonga,107.5019989,Formed,TCA,20,107.53,37.632983,0.046702,4FA
258,Lower Bwathonaro,Kathita Mutonga,142.0099945,Not Formed,TCA,20,142.11,38.383092,0.016268,4FB
259,Athi Munyu Mweu,Upper Athi,142.7380066,Formed,ACA,20,142.73,37.30179,-1.134475,3DA
260,Gatamaiyu,Upper Athi,121.3850021,Formed,ACA,20,121.29,36.7138,-0.973178,3BC
261,Kamiti,Upper Athi,152.5469971,Formed,ACA,20,152.45,36.844506,-1.137148,3BB
262,Matungulu Kalala,Upper Athi,122.0410004,Formed,ACA,20,122.03,37.309749,-1.220737,3DA
263,Kiu,Upper Athi,101.7890015,Formed,ACA,20,101.72,36.812812,-1.14634,3BB
264,Bathi,Upper Athi,150.5529938,Formed,ACA,20,150.43,36.709215,-1.006123,3BC
265,Mukuyu,Upper Athi,92.60430145,Formed,ACA,20,92.54,36.824925,-1.099495,3BB
266,Ruiru,Upper Athi,152.3099976,Formed,ACA,20,152.23,36.91865,-1.077824,3BD
267,Thiririka,Upper Athi,169.2929993,Formed,ACA,20,169.19,36.835485,-1.004104,3BD
268,Ruabora,Upper Athi,75.06549835,Formed,ACA,20,75.01,36.781906,-0.940084,3CB
269,Ndarugu,Upper Athi,128.0570068,Formed,ACA,20,128.01,37.044821,-1.081957,3CB
270,Lower Athi Kilimambogo,Upper Athi,88.60150146,Formed,ACA,20,88.59,37.20687,-1.087388,3DA
271,Komo Gatuanyaga,Upper Athi,112.1080017,Not Formed,ACA,20,112.07,37.065956,-1.060158,3CB
272,Githombokoni Madune,Upper Athi,106.2330017,Formed,ACA,20,106.16,36.789631,-0.92662,3CB
273,Theta,Upper Athi,144.7539978,Formed,ACA,20,144.67,36.871454,-1.038175,3BD
274,Athi Yatta,Upper Athi,113.2860031,Formed,ACA,20,113.29,37.43883,-1.189953,3DA
275,Mbiuni,Upper Athi,120.4160004,Formed,ACA,20,120.42,37.41971,-1.25896,3DA
276,Makutano Mango,Upper Athi,87.89559937,Formed,ACA,20,87.9,37.478389,-1.357695,3DA
277,Miindu,Upper Athi,102.7750015,Formed,ACA,20,102.78,37.45096,-1.319525,3DA
278,Indalalekutok,Nairobi,144.0780029,Not Formed,ACA,20,143.97,36.76233,-1.689981,3AB
279,Isinya,Nairobi,173.923996,Formed,ACA,20,173.82,36.863383,-1.688702,3AB
280,Kamuthanga,Nairobi,167.5019989,Not Formed,ACA,20,155,37.195541,-1.265475,3AC
281,Kathiani,Nairobi,200.2640076,Formed,ACA,20,200.18,36.998449,-1.387925,3AC
282,Onkaru,Nairobi,174.0480042,Formed,ACA,20,173.9,36.680512,-1.209835,3BA
283,Kisaju,Nairobi,185.6519928,Formed,ACA,20,185.52,36.797871,-1.616809,3AB
284,Kiserian,Nairobi,179.1849976,Formed,ACA,20,179.05,36.758698,-1.431579,3AA
285,Kitanga Stony Athi,Nairobi,135.298996,Not Formed,ACA,20,135.25,37.08499,-1.486238,3AB
286,Kitengela Shookil,Nairobi,212.8580017,Formed,ACA,20,212.72,36.814596,-1.47748,3AA
287,Kongoni,Nairobi,121.8010025,Formed,ACA,20,107.13,37.162455,-1.341378,3AC
288,Konza,Nairobi,144.6049957,Formed,ACA,20,144.57,37.172028,-1.701076,3AB
289,Kyaani,Nairobi,153.0480042,Not Formed,ACA,20,153.01,37.132309,-1.423417,3AC
290,Kyamutheke,Nairobi,227.798996,Formed,ACA,20,227.72,37.066035,-1.595665,3AB
291,Lukenya Mulolongo,Nairobi,100.4349976,Formed,ACA,20,100.39,36.969117,-1.506324,3AB
292,Besmo,Nairobi,154.5240021,Formed,ACA,20,154.43,36.833304,-1.375358,3AA
293,Mbagathi,Nairobi,152.7299957,Formed,ACA,20,152.6,36.693322,-1.353839,3AA
294,Kirichwa,Nairobi,159.4470062,Formed,ACA,20,159.35,36.82909,-1.290569,3BA
295,Olooloitikoshi,Nairobi,136.7830048,Formed,ACA,20,136.69,36.809873,-1.541726,3AB
296,Kajoma,Nairobi,173.9750061,Formed,ACA,20,173.91,37.026454,-1.306018,3AC
297,Gitangu Gitathuro,Nairobi,124.6139984,Formed,ACA,20,124.52,36.754108,-1.22135,3BA
298,Rimpa,Nairobi,173.7279968,Formed,ACA,20,173.64,36.926381,-1.776721,3AB
299,Gatharaini,Nairobi,101.2809982,Not Formed,ACA,20,101.22,36.87165,-1.197254,3BB
300,Mweteta,Nairobi,158.4579926,Formed,ACA,20,158.33,36.741343,-1.162352,3BA
301,Athi Kamuthanga,Nairobi,72.33439636,Formed,ACA,20,72.32,37.200379,-1.157379,3AC
302,Ilasit,Nairobi,151.5930023,Formed,ACA,20,151.54,37.038769,-1.683148,3AB
303,Ruai,Nairobi,137.1799927,Formed,ACA,20,137.12,37.021987,-1.255322,3BA
304,Enkejo Oolowurak,Nairobi,84.54660034,Not Formed,ACA,20,84.49,36.807883,-1.579927,3AB
305,Olturoto,Nairobi,146.397995,Not Formed,ACA,20,146.33,36.971984,-1.696868,3AB
306,Athi Kyase,Mid Athi,156.1629944,Not Formed,ACA,20,156.23,37.884709,-1.945241,3FA
307,Athi Kwamilu,Mid Athi,212.8209991,Not Formed,ACA,20,212.91,37.86471,-1.85128,3FA
308,Mueetha/ Kyanzonzo,Mid Athi,104.3310013,Formed,ACA,20,104.37,37.774698,-1.624971,3DB
309,Mivukoni Kyambuli,Mid Athi,173.3690033,Formed,ACA,20,173.41,37.663873,-1.496177,3DB
310,Athi Ndithini,Mid Athi,104.5210037,Not Formed,ACA,20,104.55,37.753086,-1.55064,3DB
311,Miondoni,Mid Athi,118.7669983,Not Formed,ACA,20,118.79,37.616511,-1.394724,3DB
312,Bisil,Mid Athi,105.5790024,Not Formed,ACA,20,105.52,36.898666,-2.106976,3FA
313,Lauka,Mid Athi,168.8800049,Formed,ACA,20,168.91,37.546173,-1.481751,3EB
314,Emisira,Mid Athi,206.8200073,Not Formed,ACA,20,206.77,37.146801,-2.253556,3FA
315,Emotoroki,Mid Athi,185.7940063,Not Formed,ACA,20,185.73,37.053096,-2.251256,3FA
316,Morgo,Mid Athi,184.2460022,Not Formed,ACA,20,184.13,36.835156,-1.967,3FA
317,Eselenkei,Mid Athi,183.4190063,Not Formed,ACA,20,183.39,37.224378,-2.276761,3FA
318,Esonorua,Mid Athi,193.9049988,Not Formed,ACA,20,193.89,37.315323,-2.312402,3FA
319,Esteti,Mid Athi,100.5390015,Not Formed,ACA,20,100.56,37.590113,-2.251154,3FA
320,Ilbisil,Mid Athi,206.7079926,Not Formed,ACA,20,206.56,36.779015,-2.087359,3FA
321,Kali(Itetani),Mid Athi,109.2419968,Formed,ACA,20,109.24,37.395666,-1.581297,3EB
322,Kathithyamaa,Mid Athi,100.2529984,Formed,ACA,20,125.07,37.281453,-1.332483,3EA
323,Mbuuni Kithangaini Ithaeni,Mid Athi,140.0160065,Formed,ACA,20,140.01,37.354934,-1.430717,3EA
324,Kathyaka Itheethe,Mid Athi,207.1750031,Not Formed,ACA,20,207.28,38.024178,-2.307971,3FB
325,Kiangini Kyale,Mid Athi,145.2850037,Not Formed,ACA,20,145.33,37.760779,-2.093768,3FA
326,Kiboko,Mid Athi,180.2899933,Formed,ACA,20,180.35,37.768045,-2.207149,3FA
327,Kiboko Merueshi,Mid Athi,109.4219971,Not Formed,ACA,20,109.44,37.568616,-2.329332,3FA
328,Kibwezi,Mid Athi,664.3029785,Formed,ACA,20,664.6,37.949122,-2.431845,3FB
329,Muooni Twaandu,Mid Athi,103.1900024,Formed,ACA,20,103.23,37.879518,-2.106931,3FA
330,Kwa Mukumi,Mid Athi,128.8399963,Formed,ACA,20,128.86,37.520441,-1.942619,3FA
331,Kima Kiu,Mid Athi,200.0650024,Not Formed,ACA,20,200.12,37.688114,-2.328695,3FA
332,Kinikini,Mid Athi,148.2290039,Not Formed,ACA,20,148.13,36.820353,-1.885795,3FA
333,Kithasyu,Mid Athi,218.4060059,Not Formed,ACA,20,218.51,37.965903,-2.060862,3FA
334,Kwandisha,Mid Athi,111.9309998,Not Formed,ACA,20,111.96,37.670494,-2.477706,3FA
335,Kyakoka Wamoi,Mid Athi,100.4950027,Formed,ACA,20,100.49,37.309583,-1.633699,3EB
336,Kanzanzu,Mid Athi,166.2599945,Formed,ACA,20,166.31,37.716803,-1.95473,3FA
337,Lagarama,Mid Athi,154.0410004,Not Formed,ACA,20,154.06,37.506988,-2.468979,3FA
338,Lambagai Oldoinyo,Mid Athi,217.1869965,Not Formed,ACA,20,217.23,37.591261,-2.445087,3FA
339,Lengesim,Mid Athi,106.9380035,Not Formed,ACA,20,106.92,37.240734,-2.370614,3FA
340,Ngutwa Nduenguu,Mid Athi,213.1399994,Formed,ACA,20,213.18,37.608196,-1.779935,3EC
341,Lower Kambu,Mid Athi,317.6520081,Not Formed,ACA,20,317.85,38.253518,-2.572876,3FB
342,Lower Kibini,Mid Athi,205.5980072,Not Formed,ACA,20,205.62,37.476592,-2.125303,3FA
343,Lower Ngatatayek,Mid Athi,222.173996,Not Formed,ACA,20,222.09,37.058892,-2.400774,3FA
344,Lower Ol Kejuado,Mid Athi,202.1060028,Not Formed,ACA,20,202.06,37.185844,-2.414169,3FA
345,Lurmuti,Mid Athi,201.1130066,Not Formed,ACA,20,201.14,37.555879,-2.205447,3FA
346,Makindu,Mid Athi,204.4160004,Formed,ACA,20,204.49,37.812343,-2.279081,3FA
347,Maruba,Mid Athi,101.3889999,Formed,ACA,20,103.66,37.235791,-1.48912,3EA
348,Lumbwa,Mid Athi,184.8419952,Formed,ACA,20,184.81,37.206966,-1.598805,3EA
349,Mashuru,Mid Athi,131.3880005,Not Formed,ACA,20,131.35,37.121722,-2.027106,3FA
350,Kikuu,Mid Athi,125.9769974,Formed,ACA,20,126,37.586112,-1.986299,3FA
351,Mathingau,Mid Athi,125.9960022,Not Formed,ACA,20,126.02,37.576304,-1.266035,3DB
352,Mwambwani,Mid Athi,134.102005,Formed,ACA,20,134.12,37.486326,-1.869477,3FA
353,Mbimbini,Mid Athi,122.3820038,Formed,ACA,20,122.41,37.680932,-1.710092,3ED
354,Mbui Nzau,Mid Athi,111.0579987,Formed,ACA,20,111.1,37.863438,-2.272806,3FA
355,Mwengu,Mid Athi,139.776001,Formed,ACA,20,139.81,37.671237,-2.047992,3FA
356,Katani (MUOONI),Mid Athi,116.9229965,Not Formed,ACA,20,116.92,37.38752,-1.95502,3FA
357,Mid Olkejuado,Mid Athi,136.5659943,Not Formed,ACA,20,136.48,36.855518,-2.055676,3FA
358,Muvaa Muoni,Mid Athi,130.6369934,Not Formed,ACA,20,130.63,37.298164,-1.414343,3EA
359,Mtito Andei,Mid Athi,1534.319946,Not Formed,ACA,20,1535.27,38.24479,-2.778425,3FB
360,Ikolya Kalembwani Mukaa,Mid Athi,204.6320038,Formed,ACA,20,204.6,37.219002,-1.932699,3FA
361,Mukononi,Mid Athi,122.8840027,Not Formed,ACA,20,122.94,37.926819,-2.254193,3FB
362,Mutuluni,Mid Athi,213.4579926,Not Formed,ACA,20,213.59,38.211029,-2.491841,3FB
363,Mwania Iini,Mid Athi,100.1910019,Not Formed,ACA,20,100.18,37.307227,-1.541165,3EA
364,Mwilu,Mid Athi,143.9019928,Not Formed,ACA,20,143.93,37.616593,-1.912922,3FA
365,Nendanai,Mid Athi,184.6829987,Not Formed,ACA,20,184.59,36.925715,-2.263415,3FA
366,Ngatataek,Mid Athi,236.003006,Not Formed,ACA,20,235.86,36.8563,-2.268219,3FA
367,Maparasha,Mid Athi,148.8630066,Not Formed,ACA,20,148.79,36.94391,-2.1774,3FA
368,Olchurai,Mid Athi,143.9409943,Not Formed,ACA,20,143.89,37.083291,-2.112744,3FA
369,Olenarau,Mid Athi,214.1419983,Not Formed,ACA,20,214.04,36.95656,-1.879098,3FA
370,Oloro Samgab,Mid Athi,163.6660004,Not Formed,ACA,20,163.63,37.194933,-2.077106,3FA
371,Olosideti,Mid Athi,161.6690063,Not Formed,ACA,20,161.68,37.454949,-2.298778,3FA
372,Oltinka,Mid Athi,222.1060028,Not Formed,ACA,20,222.09,37.288693,-2.505274,3FA
373,Ongata Olenareka,Mid Athi,154.9179993,Not Formed,ACA,20,154.92,37.426364,-2.537018,3FA
374,Kipa,Mid Athi,261.2839966,Not Formed,ACA,20,261.17,37.007254,-2.018216,3FA
375,Mukaa,Mid Athi,109.4990005,Formed,ACA,20,109.49,37.266549,-1.907522,3FA
376,Sideti,Mid Athi,232.25,Not Formed,ACA,20,232.26,37.448483,-2.36373,3FA
377,Simba,Mid Athi,129.8970032,Not Formed,ACA,20,129.93,37.648531,-2.132449,3FA
378,Tawa Utithini,Mid Athi,121.564003,Not Formed,ACA,20,121.58,37.512571,-1.589946,3EB
379,Uaani,Mid Athi,102.8710022,Formed,ACA,20,102.89,37.562596,-1.631876,3ED
380,Thange,Mid Athi,568.5930176,Formed,ACA,20,568.91,38.094736,-2.433438,3FB
381,Thwake Kalawa,Mid Athi,143.147995,Formed,ACA,20,143.2,37.770725,-1.719898,3ED
382,Kaiti Kambi,Mid Athi,125.7089996,Formed,ACA,20,125.75,37.720564,-1.815536,3ED
383,Mukio Thwake,Mid Athi,173.9730072,Formed,ACA,20,174.01,37.630427,-1.63364,3ED
384,Tutini Muooni,Mid Athi,124.9110031,Formed,ACA,20,124.93,37.514105,-2.052629,3FA
385,Ulu,Mid Athi,223.6840057,Not Formed,ACA,20,223.63,37.151014,-1.810709,3FA
386,Upper Kaiti,Mid Athi,152.1029968,Formed,ACA,20,152.11,37.446852,-1.776182,3EC
387,Upper Kambu,Mid Athi,367.927002,Formed,ACA,20,368.11,38.008446,-2.606482,3FB
388,Upper Kibini,Mid Athi,229.845993,Not Formed,ACA,20,229.84,37.341331,-2.165869,3FA
389,Upper Mikuyuni,Mid Athi,182.996994,Not Formed,ACA,20,182.98,37.305522,-1.739923,3EC
390,Upper Olkejuado,Mid Athi,170.4429932,Not Formed,ACA,20,170.32,36.757651,-1.804184,3FA
391,Kiumi,Mid Athi,120.8050003,Formed,ACA,20,120.81,37.438579,-1.482086,3EB
392,Utangwa,Mid Athi,159.2339935,Formed,ACA,20,159.24,37.447425,-1.704025,3EC
393,Uvete,Mid Athi,113.6039963,Not Formed,ACA,20,113.6,37.376257,-1.872819,3FA
394,Wikyaa,Mid Athi,200.3450012,Not Formed,ACA,20,200.45,38.021128,-2.199209,3FB
395,Kitaingo Kiongwani,Mid Athi,105.737999,Formed,ACA,20,105.73,37.298,-1.835217,3FA
396,Athi Mutembuku,Mid Athi,100.7399979,Not Formed,ACA,20,100.78,37.836165,-1.718399,3DB
397,Athi Kyawango,Mid Athi,106.4980011,Not Formed,ACA,20,106.51,37.546972,-1.350758,3DB
398,Kangundo Kawathei Kathaana,Mid Athi,79.02429962,Not Formed,ACA,20,79.02,37.295725,-1.349122,3EA
399,Yandue/ Mbanya,Mid Athi,85.94819641,Formed,ACA,20,85.95,37.449755,-1.607867,3EB
400,Londokwe,Mid Athi,161.8059998,Formed,ACA,20,161.87,37.832787,-1.969639,3FA
401,Ngomano,Mid Athi,109.3949966,Formed,ACA,20,109.39,37.355528,-2.010553,3FA
402,Olopolosi,Mid Athi,179.3880005,Not Formed,ACA,20,179.37,37.28093,-2.069827,3FA
403,Il Munkush,Mid Athi,119.8980026,Formed,ACA,20,119.86,37.064369,-1.870893,3FA
404,Oldoinyo Orok,Noltresh Lumi,295.2890015,Formed,ACA,20,295.11,36.851538,-2.508757,3N
405,Namanga,Noltresh Lumi,247.3049927,Not Formed,ACA,20,247.2,37.002764,-2.595993,3N
406,Kamwanga,Noltresh Lumi,704.9439697,Not Formed,ACA,20,704.81,37.23472,-2.691774,3N
407,Mbokuani,Noltresh Lumi,166.8150024,Not Formed,ACA,20,166.88,37.814485,-3.009204,3G
408,Olgulului,Noltresh Lumi,151.9129944,Not Formed,ACA,20,151.89,37.268457,-2.568613,3N
409,Ilkisonko,Noltresh Lumi,123.3590012,Formed,ACA,20,123.38,37.567524,-2.734972,3G
410,Nasalamuana,Noltresh Lumi,124.0800018,Formed,ACA,20,124.09,37.473332,-2.844598,3G
411,Lower Lumi,Noltresh Lumi,693.2390137,Formed,ACA,20,693.47,37.758657,-3.482659,3J
412,Lower Nolturesh,Noltresh Lumi,103.5830002,Not Formed,ACA,20,103.63,37.889542,-2.966121,3G
413,Esoit Pus,Noltresh Lumi,677.1110229,Formed,ACA,20,677.37,37.840474,-2.792633,3G
414,Osoit Entarara,Noltresh Lumi,114.1220016,Formed,ACA,20,114.15,37.626159,-2.975342,3G
415,Nalepo,Noltresh Lumi,136.8200073,Formed,ACA,20,136.86,37.755364,-3.079842,3G
416,Njukini Tsavo,Noltresh Lumi,317.1940002,Not Formed,ACA,20,317.31,37.804769,-3.184637,3G
417,Olengatunyo,Noltresh Lumi,184.0749969,Not Formed,ACA,20,184.14,37.758786,-2.920198,3G
418,Olngoswa,Noltresh Lumi,258.0419922,Not Formed,ACA,20,258.08,37.541692,-2.634365,3G
419,Shilishili,Noltresh Lumi,420.1889954,Not Formed,ACA,20,420.31,37.714458,-2.569216,3G
420,Upper Lumi,Noltresh Lumi,177.9190063,Formed,ACA,20,177.98,37.759695,-3.270924,3J
421,Nolturesh,Noltresh Lumi,353.6809998,Formed,ACA,20,353.76,37.628031,-2.815626,3G
422,Kisima,Noltresh Lumi,186.598999,Not Formed,ACA,20,186.71,38.207975,-3.287064,3G
423,Wanjala,Noltresh Lumi,238.7630005,Not Formed,ACA,20,238.9,38.144473,-3.235978,3G
424,Mgange,Noltresh Lumi,260.25,Not Formed,ACA,20,260.42,38.278537,-3.249611,3G
425,Kifaru,Noltresh Lumi,173.1940002,Not Formed,ACA,20,173.31,38.383249,-3.175325,3G
426,Enderkesi,Noltresh Lumi,164.5189972,Not Formed,ACA,20,164.36,36.591063,-2.304591,3N
427,Oloshooibor Lolayioni,Noltresh Lumi,104.0400009,Not Formed,ACA,20,103.94,36.594641,-2.352858,3N
428,Lesonkoyo Parsilet,Noltresh Lumi,91.27110291,Not Formed,ACA,20,91.19,36.631545,-2.41577,3N
429,Kiyopiyop,Noltresh Lumi,70.88569641,Not Formed,ACA,20,70.83,36.702916,-2.469021,3N
430,Lesonkoyo Kipaipeut,Noltresh Lumi,137.272995,Not Formed,ACA,20,137.16,36.713913,-2.3715,3N
431,Esokota,Noltresh Lumi,100.4869995,Not Formed,ACA,20,100.41,36.763557,-2.323931,3N
432,Esokota Ngabole Luanat,Noltresh Lumi,120.7839966,Not Formed,ACA,20,120.71,36.842426,-2.384643,3N
433,Nosikitok,Noltresh Lumi,110.1949997,Not Formed,ACA,20,110.14,36.922856,-2.415449,3N
434,Letumoke Aspen Nkito,Noltresh Lumi,193.0449982,Not Formed,ACA,20,192.98,37.050088,-2.508423,3N
435,Lemongo,Noltresh Lumi,100.961998,Not Formed,ACA,20,100.99,37.738668,-3.050739,3G
436,Elerai Amboseli,Noltresh Lumi,294.197998,Formed,ACA,20,294.21,37.424859,-2.760854,3N
437,Motikanju,Noltresh Lumi,178.5690002,Not Formed,ACA,20,178.6,37.567566,-2.822781,3G
438,Lipartimara,Noltresh Lumi,201.8289948,Not Formed,ACA,20,201.66,36.679732,-2.213835,3N
439,Mwangaro,Noltresh Lumi,397.1669922,Not Formed,ACA,20,397.4,38.152439,-3.598919,3J
440,Upper Tsavo,Noltresh Lumi,2449.399902,Not Formed,ACA,20,2450.76,38.145813,-3.074706,3G
441,Kedai,Coastal Athi,107.9789963,Not Formed,ACA,20,108.05,38.362427,-3.286651,3HA
442,Rongo,Coastal Athi,267.1459961,Not Formed,ACA,20,267.34,38.493266,-3.222521,3HA
443,Upper Mwatate,Coastal Athi,204.2559967,Formed,ACA,20,204.4,38.383896,-3.557978,3MA
444,Lower Mwatate,Coastal Athi,158.0670013,Formed,ACA,20,158.18,38.461053,-3.706244,3MA
445,Kisenyi,Coastal Athi,118.4029999,Formed,ACA,20,118.48,38.381432,-3.372739,3LA
446,Wundanyi,Coastal Athi,211.3220062,Formed,ACA,20,211.47,38.445898,-3.465657,3LA
447,Ndome Irima,Coastal Athi,370.3670044,Formed,ACA,20,370.64,38.603847,-3.294042,3LA
448,Kavisago,Coastal Athi,175.4589996,Not Formed,ACA,20,175.58,38.363185,-3.666692,3MA
449,Upper Bura,Coastal Athi,215.0370026,Formed,ACA,20,215.17,38.274372,-3.491629,3M
450,Lower Bura,Coastal Athi,318.6329956,Formed,ACA,20,318.84,38.316904,-3.753093,3MA
451,Middle Bura,Coastal Athi,129.5579987,Not Formed,ACA,20,129.64,38.237526,-3.617933,3MA
452,Mashimoni,Coastal Athi,129.2619934,Not Formed,ACA,20,129.34,38.183511,-3.461702,3MA
453,Mvosa A,Coastal Athi,554.75,Formed,ACA,20,555.17,38.663908,-3.439936,3LA
454,Mvosa B,Coastal Athi,497.9960022,Formed,ACA,20,498.38,38.65772,-3.569022,3LA
455,Moda Mengo,Coastal Athi,225.3350067,Formed,ACA,20,225.5,38.549962,-3.682579,3MA
456,Rukanga,Coastal Athi,154.7599945,Formed,ACA,20,154.88,38.605459,-3.83493,3MA
457,Bura Kisugunua,Coastal Athi,151.3150024,Not Formed,ACA,20,151.43,38.513536,-3.85825,3MA
458,Murinjo Kiraze,Coastal Athi,338.0079956,Not Formed,ACA,20,338.25,38.535339,-4.131259,3K
459,Kwamgola Migongoni,Coastal Athi,482.2479858,Not Formed,ACA,20,482.6,38.552645,-3.979482,3MA
460,Siranga,Coastal Athi,143.7879944,Not Formed,ACA,20,143.9,38.654649,-4.177836,3K
461,Mwachinjoro,Coastal Athi,140.3280029,Not Formed,ACA,20,140.44,38.714122,-4.246665,3K
462,Bunguta,Coastal Athi,261.0499878,Formed,ACA,20,261.25,38.717223,-3.730809,3MA
463,Kirongwe Rukinga,Coastal Athi,241.5220032,Formed,ACA,20,241.71,38.838387,-3.758447,3MA
464,Kizima Bomani,Coastal Athi,172.8190002,Not Formed,ACA,20,172.96,38.888564,-3.865293,3MA
465,Dare,Coastal Athi,321.3989868,Not Formed,ACA,20,321.65,38.745937,-3.926154,3MA
466,Kivindara,Coastal Athi,284.776001,Not Formed,ACA,20,285,38.783562,-4.021267,3MA
467,Ndokoko Lukakani,Coastal Athi,143.677002,Formed,ACA,20,143.79,38.906789,-4.037562,3MC
468,Lower Lukakani,Coastal Athi,190.9869995,Not Formed,ACA,20,191.14,38.837527,-4.12807,3MC
469,Mlunguni,Coastal Athi,144.6170044,Formed,ACA,20,144.73,39.093244,-4.002081,3MA
470,Mwatate Nikipitao,Coastal Athi,100.7310028,Not Formed,ACA,20,100.81,39.023277,-4.084122,3MC
471,Puma,Coastal Athi,175.5890045,Not Formed,ACA,20,175.73,39.185643,-4.117202,3MC
472,Umba,Coastal Athi,231.951004,Not Formed,ACA,20,232.12,38.795756,-4.29614,3K
473,Barani,Coastal Athi,244.1490021,Formed,ACA,20,244.34,39.014386,-3.943947,3MA
474,Birikani,Coastal Athi,309.3099976,Formed,ACA,20,309.56,39.006858,-3.800969,3MA
475,Magombe Shariani,Coastal Athi,225.5650024,Formed,ACA,20,225.75,39.04508,-3.717466,3MA
476,Gombo Bomani,Coastal Athi,256.0409851,Formed,ACA,20,256.24,39.135636,-3.861885,3MA
477,Mwadudua Vigurungani,Coastal Athi,170.0950012,Formed,ACA,20,170.23,39.180794,-4.023681,3MA
478,Nyongoni,Coastal Athi,186.3110046,Formed,ACA,20,186.46,39.252988,-3.816805,3MB
479,Mwaruphesa Dambale,Coastal Athi,205.6529999,Formed,ACA,20,205.82,39.191709,-3.645214,3MB
480,Mwang'ombe,Coastal Athi,176.3289948,Formed,ACA,20,176.47,39.236718,-3.714931,3MB
481,Gude Dambale,Coastal Athi,157.3150024,Formed,ACA,20,157.43,39.337325,-3.721506,3MB
482,Manjewa,Coastal Athi,218.9360046,Formed,ACA,20,219.11,39.284091,-3.621983,3MB
483,Magombani  Kirindini,Coastal Athi,214.4889984,Not Formed,ACA,20,214.66,38.978417,-4.286145,3K
484,Upper Ramisi,Coastal Athi,240.371994,Not Formed,ACA,20,240.56,38.930017,-4.177692,3K
485,Mukungani Kanyumbuni,Coastal Athi,200.4940033,Not Formed,ACA,20,200.65,39.11219,-4.19279,3K
486,Gandini,Coastal Athi,130.6950073,Not Formed,ACA,20,130.8,39.063408,-4.280749,3K
487,Kilingoni Tiribe,Coastal Athi,138.7899933,Not Formed,ACA,20,138.9,39.19764,-4.301016,3K
488,Eastern Dzombo,Coastal Athi,242.6990051,Formed,ACA,20,242.89,39.22984,-4.367919,3K
489,Lovu Kibuyuni Mwazare,Coastal Athi,139.802002,Not Formed,ACA,20,139.91,39.334328,-4.377029,3K
490,Ramisi,Coastal Athi,156.4920044,Formed,ACA,20,156.61,39.412085,-4.46386,3K
491,Mkurumudzi,Coastal Athi,187.7100067,Formed,ACA,20,187.85,39.431716,-4.351152,3K
492,Lower Umba,Coastal Athi,105.072998,Not Formed,ACA,20,105.16,39.166291,-4.611366,3K
493,Mwena Miuyuni,Coastal Athi,211.8450012,Not Formed,ACA,20,212.01,38.999509,-4.436727,3K
494,Mwena Mwangulu,Coastal Athi,207.1990051,Not Formed,ACA,20,207.36,39.031944,-4.403443,3K
495,Tsimba Tiwi,Coastal Athi,216.2230072,Formed,ACA,20,216.38,39.513071,-4.246509,3K
496,Mbuguni,Coastal Athi,193.3309937,Formed,ACA,20,193.47,39.572203,-4.130378,3MD2
497,Mwainzi,Coastal Athi,164.0330048,Formed,ACA,20,164.15,39.460474,-4.141323,3MC
498,Gulanzi Mienzeni,Coastal Athi,106.4059982,Not Formed,ACA,20,106.49,39.297552,-4.155652,3MC
499,Mbadzi,Coastal Athi,223.0740051,Not Formed,ACA,20,223.25,39.300625,-4.227094,3MC
500,Chigulu Ngeyeni,Coastal Athi,126.9219971,Formed,ACA,20,127.02,39.286019,-3.913705,3MB
501,Marenje Mlunguni,Coastal Athi,112.4639969,Formed,ACA,20,112.55,39.273351,-4.028858,3MA
502,Mazola Mienzeni,Coastal Athi,164.2160034,Formed,ACA,20,164.34,39.391528,-4.053801,3MB
503,Mwang'ombe Ngoni,Coastal Athi,136.9340057,Formed,ACA,20,137.04,39.401654,-3.86105,3MB
504,Mwachiga,Coastal Athi,145.6900024,Formed,ACA,20,145.8,39.481453,-3.934695,3MB
505,Upper Mwache,Coastal Athi,130.8059998,Formed,ACA,20,130.9,39.388875,-3.968233,3MB
506,Guruguru,Coastal Athi,139.5789948,Not Formed,ACA,20,139.68,39.466555,-3.699032,3MD1
507,Wajimba Mwatsuma,Coastal Athi,135.6139984,Not Formed,ACA,20,135.71,39.486848,-3.791414,3MD1
508,Tsunza Madzi,Coastal Athi,126.0879974,Formed,ACA,20,126.18,39.525923,-3.903168,3MD1
509,Mgamboni Wacho,Coastal Athi,141.8159943,Not Formed,ACA,20,141.92,39.40978,-3.591103,3LA
510,Bamba,Coastal Athi,132.1450043,Not Formed,ACA,20,132.24,39.476789,-3.534923,3LA
511,Upper Ndzovuni,Coastal Athi,185.9019928,Not Formed,ACA,20,186.03,39.540552,-3.635185,3LA
512,Mto Mkuu Mtwapa,Coastal Athi,123.8379974,Not Formed,ACA,20,123.92,39.735207,-3.854566,3MD1
513,Bakiko,Coastal Athi,52.18619919,Formed,ACA,20,52.22,39.713177,-3.978995,3MD1
514,Lwandani Mtomkuu,Coastal Athi,125.1460037,Not Formed,ACA,20,125.23,39.673672,-3.845609,3MD1
515,Timboni Mjanaheri,Coastal Athi,208.3679962,Formed,ACA,20,208.46,40.121508,-3.038018,3HD
516,Fundisha,Coastal Athi,195.0200043,Not Formed,ACA,20,195.11,40.084889,-2.896207,3HD
517,Mansa,Coastal Athi,196.7460022,Not Formed,ACA,20,196.85,39.898128,-2.738145,3HC
518,Mansa Hadu,Coastal Athi,243.0820007,Not Formed,ACA,20,243.21,39.96049,-2.87461,3HC
519,Laggah Gandi,Coastal Athi,240.8919983,Not Formed,ACA,20,241.06,39.521144,-2.826615,3HC
520,Boragi Waldena,Coastal Athi,267.2990112,Not Formed,ACA,20,267.47,39.702087,-2.752621,3HC
521,Alango,Coastal Athi,113.4329987,Not Formed,ACA,20,113.51,39.703908,-2.849532,3HC
522,Upper Gandi(Kore Laga),Coastal Athi,173.4689941,Not Formed,ACA,20,173.57,39.827017,-2.834319,3HC
523,Lower Gandi(Kore Laga),Coastal Athi,178.4219971,Not Formed,ACA,20,178.52,39.906151,-2.950441,3HC
524,Ngomeni,Coastal Athi,267.3580017,Not Formed,ACA,20,267.56,39.3259,-2.987879,3HC
525,Galana Maruvesa,Coastal Athi,195.8739929,Not Formed,ACA,20,196.03,39.272921,-3.080866,3HB
526,Galana Kilumani,Coastal Athi,258.0929871,Not Formed,ACA,20,258.28,39.43737,-3.095901,3HB
527,Upper Koromi,Coastal Athi,524.9429932,Not Formed,ACA,20,525.31,39.528038,-2.954279,3HC
528,Jilore Magogoni,Coastal Athi,108.6920013,Not Formed,ACA,20,108.76,39.719162,-2.982843,3HC
529,Mid Koromi,Coastal Athi,180.0410004,Not Formed,ACA,20,180.15,39.735981,-3.056024,3HC
530,Diririsa Wakala,Coastal Athi,202.0039978,Not Formed,ACA,20,202.13,39.785678,-2.959184,3HC
531,Galana Makongeni,Coastal Athi,260.0769958,Not Formed,ACA,20,260.25,39.621694,-3.120113,3HB
532,Galana Jilore,Coastal Athi,242.5299988,Not Formed,ACA,20,242.67,39.844153,-3.149288,3HD1
533,Lower Sabaki,Coastal Athi,176.6139984,Formed,ACA,20,176.7,40.049148,-3.209327,3HD1
534,Lower Koromi,Coastal Athi,145.6790009,Not Formed,ACA,20,145.76,39.941514,-3.082376,3HC
535,Mavula Marafa,Coastal Athi,153.5919952,Formed,ACA,20,153.66,40.034896,-3.05873,3HC
536,Shirango Kafuloni,Coastal Athi,240.7019958,Formed,ACA,20,240.89,39.121826,-3.544352,3LA
537,Voi Gedegede,Coastal Athi,246.0839996,Not Formed,ACA,20,246.27,39.31967,-3.488278,3LA
538,Garibete,Coastal Athi,191.8549957,Not Formed,ACA,20,192,39.302697,-3.402351,3LA
539,Upper Galana Muruphesa,Coastal Athi,131.7050018,Not Formed,ACA,20,131.81,39.209022,-3.161714,3HB
540,Kulalu Hills,Coastal Athi,156.6620026,Not Formed,ACA,20,156.78,39.260145,-3.245843,3LA
541,Goshi,Coastal Athi,178.727005,Not Formed,ACA,20,178.87,39.173743,-3.389802,3LA
542,Makongeni,Coastal Athi,118.7129974,Not Formed,ACA,20,118.8,39.503614,-3.251784,3LA
543,Voi Guruju,Coastal Athi,142.628006,Not Formed,ACA,20,142.73,39.429332,-3.318459,3LA
544,Upper Makongeni,Coastal Athi,184.8910065,Not Formed,ACA,20,185.03,39.347548,-3.197854,3LA
545,Baluchu,Coastal Athi,241.5590057,Not Formed,ACA,20,241.75,39.293978,-3.324484,3LA
546,Wachivu,Coastal Athi,249.9179993,Not Formed,ACA,20,250.09,39.575339,-3.212941,3LA
547,Voi Karimani,Coastal Athi,204.7850037,Not Formed,ACA,20,204.93,39.500253,-3.388395,3LA
548,Mwangea Jilore,Coastal Athi,180.3800049,Not Formed,ACA,20,180.49,39.805536,-3.216695,3HD1
549,Mwapera,Coastal Athi,138.8079987,Not Formed,ACA,20,138.89,39.805126,-3.28064,3HD1
550,Kafuloni,Coastal Athi,176.8000031,Not Formed,ACA,20,176.92,39.633299,-3.330445,3LA
551,Vitengeni Mirihini,Coastal Athi,178.7819977,Not Formed,ACA,20,178.91,39.588356,-3.451963,3LA
552,Vitengeni Mwangudo,Coastal Athi,121.0279999,Not Formed,ACA,20,121.11,39.717271,-3.36586,3LA
553,Muhoni,Coastal Athi,132.5079956,Not Formed,ACA,20,132.59,39.690286,-3.473442,3LA
554,Rare,Coastal Athi,227.8350067,Not Formed,ACA,20,227.97,39.781329,-3.465533,3LA
555,Mulungu wa Mawe/Njora,Coastal Athi,139.8860016,Not Formed,ACA,20,139.98,39.670544,-3.563207,3LA
556,Lower Ndzovuni,Coastal Athi,206.128006,Not Formed,ACA,20,206.27,39.666056,-3.649203,3LA
557,Chalani,Coastal Athi,105.3769989,Not Formed,ACA,20,105.45,39.634994,-3.723089,3LA
558,Ngomeni Mwakuhenga,Coastal Athi,223.6710052,Not Formed,ACA,20,223.81,39.774608,-3.717156,3MD1
559,Vipingo Takaungu Mitangoni,Coastal Athi,125.1949997,Not Formed,ACA,20,125.27,39.802335,-3.795021,3MD1
560,Kilifi,Coastal Athi,153.7960052,Not Formed,ACA,20,153.88,39.853649,-3.55141,3LB
561,Pongwe Kidimu,Coastal Athi,110.2080002,Formed,ACA,20,110.29,39.353437,-4.576004, 
562,Lungalunga Upper Umba,Coastal Athi,126.6869965,Formed,ACA,20,126.79,38.89244,-4.383381,3K
563,Wasini Island,Coastal Athi,7.337769985,Formed,ACA,20,7.34,39.376929,-4.662064, 
564,Middle Umba,Coastal Athi,88.41609955,Not Formed,ACA,20,88.48,39.054415,-4.528573,3K
565,Mombasa Isl.,Coastal Athi,14.59249973,Not Formed,ACA,20,14.6,39.661657,-4.052021, 
566,Marungu,Coastal Athi,361.0379944,Formed,ACA,20,361.32,38.868552,-3.599735,3LA
567,Lower Mwena,Coastal Athi,174.8099976,Formed,ACA,20,174.95,39.1939,-4.523355,3K
568,Mrima,Coastal Athi,146.5119934,Formed,ACA,20,146.63,39.264173,-4.501104,3K
569,Funzi Isl.,Coastal Athi,9.871879578,Not Formed,ACA,20,9.88,39.444805,-4.560576, 
570,Muhaka Ukunda,Coastal Athi,162.2319946,Not Formed,ACA,20,162.35,39.518255,-4.349103,3K
571,Tsavo,Coastal Athi,3845.899902,Not Formed,ACA,20,3848.9,38.790678,-3.368775,3LA
572,Nzovuni Gandini,Coastal Athi,128.1900024,Formed,ACA,20,128.28,39.491234,-4.055515,3MB
573,Buni,Coastal Athi,260.1570129,Formed,ACA,20,260.34,39.62107,-3.895549,3MD1
574,Arabuko Sokoke Mazrui,Coastal Athi,232.522995,Not Formed,ACA,20,232.65,39.889978,-3.412422,3LB
575,Kabateni,Coastal Athi,104.7460022,Not Formed,ACA,20,104.8,39.898806,-3.29355,3LB
576,Gede,Coastal Athi,237.0410004,Not Formed,ACA,20,237.15,40.026357,-3.285911,3LB
577,Lower Tsavo,Noltresh Lumi,1851.930054,Not Formed,ACA,20,1852.9,38.087609,-3.725202,3J
1183,Upper Konyao,Upper Turkwel,121.5589981,Not Formed,RVCA,20,121.06,34.999397,1.654226,2BC
1184,Kaptega,Upper Turkwel,158.1620026,Existing,RVCA,20,157.39,34.698919,1.186254,2BC
1185,Sarmach,Upper Turkwel,1078.780029,Existing,RVCA,20,1075.6,35.512715,1.764032,2BB
1186,Kameris,Upper Turkwel,224.7070007,Existing,RVCA,20,223.82,35.058478,1.855397,2BC
1187,Loam,Upper Turkwel,174.1349945,Not Formed,RVCA,20,173.53,35.266725,1.707543,2BC
1188,Siya Lomut,Upper Turkwel,352.0899963,Not Formed,RVCA,20,351.11,35.577502,1.439228,2BB
1189,Mosion,Upper Turkwel,141.8320007,Existing,RVCA,20,141.27,35.057738,1.384855,2BC
1190,Kapchemanget,Upper Turkwel,141.3659973,Not Formed,RVCA,20,140.77,34.961282,1.297561,2BC
1191,Naminit,Upper Turkwel,198.7050018,Not Formed,RVCA,20,197.83,34.867612,1.306622,2BC
1192,Upper Turkwel Dam,Upper Turkwel,216.0529938,Not Formed,RVCA,20,215.33,35.324672,1.788925,2BC
1193,Lower Turkwel Dam,Upper Turkwel,463.4039917,Existing,RVCA,20,461.88,35.36245,1.959719,2BC
1194,Kamokorio Muruny,Upper Turkwel,151.4230042,Existing,RVCA,20,150.93,35.369808,1.171344,2BA
1195,Ortum,Upper Turkwel,198.7799988,Not Formed,RVCA,20,198.13,35.349768,1.440975,2BA
1196,Suam Kongolai,Upper Turkwel,423.9649963,Not Formed,RVCA,20,422.22,34.987108,1.511709,2BC
1197,Araweet,Upper Turkwel,270.6059875,Existing,RVCA,20,269.58,35.136223,1.441296,2BC
1198,Upper Suam,Upper Turkwel,434.4909973,Not Formed,RVCA,20,432.88,35.151715,1.682126,2BC
1199,Lower Suam,Upper Turkwel,288.072998,Not Formed,RVCA,20,287.02,35.177767,1.927942,2BC
1200,Wei Wei,Upper Turkwel,307.0870056,Existing,RVCA,20,306.16,35.471957,1.393767,2BB
1201,Muruny,Upper Turkwel,336.3840027,Existing,RVCA,20,335.25,35.304801,1.544306,2BA
1202,Bendera,Upper Turkwel,245.2480011,Existing,RVCA,20,244.36,35.205105,1.381514,2BA
1203,Upper Muruny,Upper Turkwel,136.4669952,Existing,RVCA,20,136.02,35.359406,1.249987,2BA
1204,Siyoyowo,Upper Turkwel,105.6900024,Existing,RVCA,20,105.28,35.09192,1.767559,2BC
1205,Kasoghigh,Upper Turkwel,172.0749969,Existing,RVCA,20,171.38,35.034649,1.321108,2BC
1206,Kopulio_Upper Suam,Upper Turkwel,124.3219986,Existing,RVCA,20,123.77,34.87043,1.410338,2BC
1207,Sostin,Upper Turkwel,137.802002,Not Formed,RVCA,20,137.38,35.458448,1.55949,2BB
1208,Arrur,Upper Turkwel,113.3079987,Existing,RVCA,20,113,35.626109,1.585906,2BB
1209,Kamasian,Upper Turkwel,102.6330032,Existing,RVCA,20,102.28,35.278395,1.296698,2BA
1210,Chepkoghen,Lower Turkwel,138.5809937,Not Formed,RVCA,20,138.29,35.90457,1.571888,2CC
1211,Elelea,Lower Turkwel,284.105011,Not Formed,RVCA,20,283.63,36.152134,1.987317,2CC
1212,Kenalo,Lower Turkwel,622.0720215,Formed,RVCA,20,620.67,35.81053,3.347558,2AB
1213,Embasos,Lower Turkwel,341.4880066,Not Formed,RVCA,20,340.21,35.143453,2.278499,2BD
1214,Akiriamet,Lower Turkwel,533.2470093,Not Formed,RVCA,20,531.92,35.731156,1.321186,2CC
1215,Emuru Akachomin,Lower Turkwel,575.7789917,Not Formed,RVCA,20,574.87,36.222093,2.343882,2CC
1216,Kabanyet Loesokon Kamakun,Lower Turkwel,646.0469971,Not Formed,RVCA,20,644.59,35.848294,1.764691,2CC
1217,Kochodin,Lower Turkwel,396.0849915,Formed,RVCA,20,395.14,35.774887,2.177864,2CC
1218,Kahawat,Lower Turkwel,1418.900024,Not Formed,RVCA,20,1414.67,35.487453,3.457598,2AB
1219,Kailongol Loperot,Lower Turkwel,306.2109985,Not Formed,RVCA,20,305.51,35.82924,2.01821,2CC
1220,Kakuma,Lower Turkwel,5746.799805,Not Formed,RVCA,20,5720.15,34.765448,3.54042,2J
1221,Kalachora,Lower Turkwel,517.117981,Not Formed,RVCA,20,515.88,35.769397,4.110468,2AB
1222,Kalapata,Lower Turkwel,690.8339844,Not Formed,RVCA,20,689.44,35.969252,2.386499,2CC
1223,Kalimapus,Lower Turkwel,936.0130005,Not Formed,RVCA,20,933.51,35.620062,3.737503,2AB
1224,Kalodir kangebet,Lower Turkwel,452.5029907,Not Formed,RVCA,20,451.65,36.041259,2.066395,2CC
1225,Kalokol - Napasinyang,Lower Turkwel,907.0800171,Formed,RVCA,20,904.72,35.668423,3.531487,2AB
1226,Kalotimari,Lower Turkwel,373.3760071,Not Formed,RVCA,20,372.85,36.318838,2.437519,2CC
1227,Kamarese Ekarioko,Lower Turkwel,463.9920044,Not Formed,RVCA,20,462.81,35.703579,2.273138,2CC
1228,Kangalema,Lower Turkwel,5484.879883,Not Formed,RVCA,20,5465.26,35.237658,4.572928,2J
1229,Kapchorio Kamila,Lower Turkwel,479.8259888,Not Formed,RVCA,20,477.96,35.089491,2.0662,2BD
1230,Kapete Nanam,Lower Turkwel,1105.98999,Not Formed,RVCA,20,1099.34,34.270196,4.058905,2J
1231,Karosogoi,Lower Turkwel,172.5169983,Not Formed,RVCA,20,172.16,35.943906,1.703286,2CC
1232,Kataboi,Lower Turkwel,440.8179932,Not Formed,RVCA,20,439.68,35.680162,3.873946,2AB
1233,Kibish North,Lower Turkwel,4070.350098,Not Formed,RVCA,20,4057.79,35.44893,5.116445,2J
1234,Kotaruk Longenya,Lower Turkwel,357.322998,Not Formed,RVCA,20,356.09,35.292781,2.419791,2BD
1235,Lake Turkana South,Lower Turkwel,829.8079834,Not Formed,RVCA,20,828.96,36.570456,2.497311, 
1236,Lake Turkana N. East,Lower Turkwel,7091.819824,Not Formed,RVCA,20,7084.23,36.565945,3.999555,2AA
1237,Lake Turkana S. East,Lower Turkwel,3611.169922,Not Formed,RVCA,20,3607.56,36.579334,3.025055,2AA
1238,Lesokoit Achara,Lower Turkwel,436.8210144,Not Formed,RVCA,20,435.49,35.442293,2.467649,2BD
1239,Lokanam,Lower Turkwel,636.9160156,Formed,RVCA,20,635.34,35.741308,3.165712,2BD
1240,Lokichokio,Lower Turkwel,881.1610107,Not Formed,RVCA,20,875.72,34.209076,4.297695,2J
1241,Lokori,Lower Turkwel,306.8059998,Not Formed,RVCA,20,306.16,35.925032,1.948363,2CC
1242,Lokorokoro,Lower Turkwel,244.9100037,Not Formed,RVCA,20,244.49,36.146565,2.187386,2CC
1243,Lokoyam,Lower Turkwel,412.6440125,Not Formed,RVCA,20,411.03,35.085257,2.513993,2BD
1244,Lomekwi,Lower Turkwel,449.4830017,Not Formed,RVCA,20,448.39,35.745839,3.953957,2AB
1245,Loporor Locatur,Lower Turkwel,368.9649963,Not Formed,RVCA,20,368.24,35.992697,2.225757,2CC
1246,Middle Turkwel,Lower Turkwel,1371.619995,Formed,RVCA,20,1366.03,35.052818,2.901325,2BD
1247,Lotagipi Swamp,Lower Turkwel,4391.410156,Not Formed,RVCA,20,4370.22,34.666767,4.34982,2J
1248,Lower Kawalathe,Lower Turkwel,1524.589966,Formed,RVCA,20,1519.52,35.325823,3.207262,2BD
1249,Lower Lokichar,Lower Turkwel,2615.72998,Not Formed,RVCA,20,2609.64,35.825789,2.877745,2CA
1250,Middle Lokichar,Lower Turkwel,876.8400269,Not Formed,RVCA,20,874.72,35.754421,2.579225,2CA
1251,Molirem,Lower Turkwel,203.3139954,Not Formed,RVCA,20,202.95,36.106567,1.863005,2CC
1252,Nachoo,Lower Turkwel,667.1409912,Not Formed,RVCA,20,664.93,35.33958,2.569273,2BD
1253,Nachui Loelilia,Lower Turkwel,1020.190002,Not Formed,RVCA,20,1018.54,36.197188,2.825088,2CC
1254,Nagorum,Lower Turkwel,1918.280029,Not Formed,RVCA,20,1908.21,34.539772,4.528424,2J
1255,Nakoret,Lower Turkwel,338.9909973,Not Formed,RVCA,20,338.52,36.329593,2.603908,2CC
1256,Nakwamoru,Lower Turkwel,473.8770142,Not Formed,RVCA,20,472.34,35.355742,2.117616,2BD
1257,Napeitau Lotubai,Lower Turkwel,287.3460083,Not Formed,RVCA,20,286.92,36.268534,1.940071,2CC
1258,Natome,Lower Turkwel,766.6030273,Not Formed,RVCA,20,765.26,36.110578,2.60022,2CC
1259,Nawakiring Kasageru,Lower Turkwel,3100.620117,Not Formed,RVCA,20,3089.66,35.258778,3.853598,2J
1260,Ngiboloini Naitai,Lower Turkwel,325.4530029,Not Formed,RVCA,20,325,36.31708,2.150199,2CC
1261,Tarach,Lower Turkwel,911.5900269,Not Formed,RVCA,20,906.8,34.549181,3.706191,2J
1262,Lower Turkwel,Lower Turkwel,788.8790283,Formed,RVCA,20,786.39,35.370729,2.929611,2BD
1263,Upper Kawalase,Lower Turkwel,1249.569946,Formed,RVCA,20,1244.77,35.112588,3.389523,2BD
1264,Upper Lokichar,Lower Turkwel,360.4530029,Not Formed,RVCA,20,359.57,35.743597,2.429062,2CA
1265,Korinyang,Lower Turkwel,1046.329956,Formed,RVCA,20,1043.48,35.603191,2.006135,2BD
1266,Ngeleyo,Lower Turkwel,515.2390137,Not Formed,RVCA,20,514.03,35.793581,1.437266,2CC
1267,Lopirichich,Lower Turkwel,1097.180054,Not Formed,RVCA,20,1093.48,35.29419,2.746924,2BD
1268,Alale,Lower Turkwel,431.8789978,Not Formed,RVCA,20,430.14,35.026129,2.242573,2BD
1269,Amaler,Lower Turkwel,153.8079987,Not Formed,RVCA,20,153.43,35.749754,1.660223,2CC
1270,Kamnias Pelpel,Lower Turkwel,213.5039978,Not Formed,RVCA,20,213.01,35.816576,1.537276,2CC
1271,Lorugum,Lower Turkwel,960.1099854,Formed,RVCA,20,956.16,35.003375,2.618505,2BD
1272,Eliye Springs,Lower Turkwel,442.9509888,Formed,RVCA,20,442.1,36.015553,3.203551,2BD
1273,Loarengak,Lower Turkwel,520.3239746,Not Formed,RVCA,20,519.16,35.837122,4.291347,2AB
1274,Kolok Lokopel,Lower Turkwel,806.5300293,Not Formed,RVCA,20,803.99,35.410494,2.280524,2BD
1275,Tondenyang,Lower Turkwel,2036.589966,Not Formed,RVCA,20,2031.48,35.710281,4.457192,2AB
1276,Kibish South,Lower Turkwel,2075.72998,Not Formed,RVCA,20,2070.45,35.687522,4.820207,2AB
1277,Emugur Ndupa,South Rift Valley,1243.410034,Not Formed,RVCA,20,1241.61,36.293493,-1.393486,2H
1278,Enosagami,South Rift Valley,579.40802,Formed,RVCA,20,577.91,35.690147,-0.803046,2KA
1279,Lodariak,South Rift Valley,394.3410034,Not Formed,RVCA,20,393.96,36.601396,-1.515522,2H
1280,Lake Magadi,South Rift Valley,1196.430054,Not Formed,RVCA,20,1194.64,36.26634,-1.768116,2H
1281,Olorte Loita,South Rift Valley,516.6229858,Formed,RVCA,20,515.4,35.79564,-1.902359,2KC
1282,Middle Ewaso Nyiro,South Rift Valley,1032.72998,Not Formed,RVCA,20,1030.9,36.090164,-1.265602,2KB
1283,Naroosura,South Rift Valley,719.9849854,Formed,RVCA,20,718.45,35.90526,-1.576759,2KB
1284,Elangata Wuas/Toroka,South Rift Valley,617.4879761,Not Formed,RVCA,20,616.86,36.569494,-1.942934,2H
1285,Siyiapei,South Rift Valley,1499.050049,Formed,RVCA,20,1496.11,36.004809,-0.955853,2KA
1286,Upper Ewuaso Nyiro,South Rift Valley,1096.76001,Formed,RVCA,20,1093.88,35.670915,-1.159875,2KA
1287,Enkare Nairowua,South Rift Valley,758.15802,Not Formed,RVCA,20,756.42,35.829755,-1.357429,2KA
1288,Pagasi,South Rift Valley,353.1749878,Not Formed,RVCA,20,352.47,35.977592,-1.999701,2KC
1289,Enoosupukia,South Rift Valley,948.2609863,Formed,RVCA,20,946.93,36.321262,-1.014049,2H
1290,Enkare Narok,South Rift Valley,1185.430054,Formed,RVCA,20,1182.72,35.821133,-0.852179,2KA
1291,Kijabe Ewuaso Kedong,South Rift Valley,777.6950073,Formed,RVCA,20,776.85,36.508032,-1.082042,2H
1292,Kitilikini Namuncha Ewuaso Kedong,South Rift Valley,903.2589722,Formed,RVCA,20,902.23,36.486465,-1.456792,2H
1293,Lower Engare Ngiro,South Rift Valley,719.6409912,Not Formed,RVCA,20,718.37,36.081044,-1.969002,2KC
1294,Entasopia,South Rift Valley,803.9949951,Formed,RVCA,20,802.41,35.99301,-1.738114,2KC
1295,Torosei,South Rift Valley,526.4650269,Not Formed,RVCA,20,525.7,36.300969,-2.223221,2H
1296,Susunkat,South Rift Valley,380.2290039,Not Formed,RVCA,20,379.75,36.414421,-2.009627,2H
1297,Olkenju Ngiro,South Rift Valley,560.8889771,Not Formed,RVCA,20,560.28,36.527973,-1.752589,2H
1298,Lower Lomgusua,South Rift Valley,426.0820007,Not Formed,RVCA,20,425.63,36.539327,-2.193741,2H
1299,Upper Lomgusua,South Rift Valley,411.2359924,Not Formed,RVCA,20,410.85,36.617975,-2.019335,2H
1300,Menengai Creater WRU,'Naivash-Nakuru,139.397995,Not Formed,RVCA,20,139.15,36.104361,-0.19655,2FB
1301,Mbaruk Mereroni,'Naivash-Nakuru,317.5299988,Formed,RVCA,20,317.04,36.242893,-0.354442,2FA
1302,Kariandusi,'Naivash-Nakuru,187.6670074,Formed,RVCA,20,187.39,36.272683,-0.558795,2FA
1303,Wanjohi,'Naivash-Nakuru,175.7169952,Formed,RVCA,20,175.53,36.545982,-0.336604,2GB
1304,Mkungi Kitiri,'Naivash-Nakuru,424.5469971,Formed,RVCA,20,424.11,36.56186,-0.494992,2GC
1305,Kianjogu,'Naivash-Nakuru,100.1110001,Formed,RVCA,20,100,36.479765,-0.359922,2GB
1306,Upper Turasha,'Naivash-Nakuru,291.1480103,Not Formed,RVCA,20,290.85,36.573255,-0.63637,2GC
1307,Upper Malewa,'Naivash-Nakuru,190.7579956,Formed,RVCA,20,190.53,36.46207,-0.236114,5AA
1308,Upper Gilgil,'Naivash-Nakuru,122.1780014,Formed,RVCA,20,122,36.290002,-0.293194,2GA
1309,Middle Malewa,'Naivash-Nakuru,331.3080139,Formed,RVCA,20,330.87,36.365013,-0.316533,2GB
1310,Lower Gilgil,'Naivash-Nakuru,164.5720062,Formed,RVCA,20,164.35,36.356837,-0.518904,2GA
1311,Lower Malewa,'Naivash-Nakuru,149.173996,Formed,RVCA,20,148.99,36.43365,-0.548879,2GB
1312,Karati Longonot,'Naivash-Nakuru,377.5750122,Formed,RVCA,20,377.15,36.487718,-0.780989,2GD
1313,Mariba,'Naivash-Nakuru,376.8569946,Formed,RVCA,20,376.25,36.201622,-0.763747,2GD
1314,Ngosur,'Naivash-Nakuru,140.753006,Formed,RVCA,20,140.52,36.156149,-0.240811,2FC
1315,Njoro,'Naivash-Nakuru,409.7309875,Formed,RVCA,20,408.9,35.969605,-0.38623,2FC
1316,Upper Nderit,'Naivash-Nakuru,408.5899963,Formed,RVCA,20,407.88,36.117729,-0.594048,2FC
1317,Makalia,'Naivash-Nakuru,450.0899963,Formed,RVCA,20,449.23,36.021606,-0.467643,2FC
1318,Lower Nderit,'Naivash-Nakuru,197.2059937,Not Formed,RVCA,20,196.87,36.156435,-0.412856,2FC
1319,LANA,'Naivash-Nakuru,567.3430176,Formed,RVCA,20,566.57,36.334499,-0.738315,2GD
1320,Kimerer/Mong,Lake Baringo-Bogoria,414.7680054,Formed,RVCA,20,413.64,35.609052,0.224681,2CB
1321,Suguta,Lake Baringo-Bogoria,7180.290039,Not Formed,RVCA,20,7171.77,36.461944,1.816742,2D
1322,Kakipinet,Lake Baringo-Bogoria,203.7610016,Not Formed,RVCA,20,203.55,36.565905,1.413618,2D
1323,Sekut Adume,Lake Baringo-Bogoria,305.4890137,Not Formed,RVCA,20,305.09,36.37349,1.395454,2D
1324,Lomelo,Lake Baringo-Bogoria,166.6799927,Not Formed,RVCA,20,166.4,36.142165,1.377044,2D
1325,Kamusing,Lake Baringo-Bogoria,168.7949982,Not Formed,RVCA,20,168.48,36.047953,1.287788,2D
1326,Upper Kerio,Lake Baringo-Bogoria,1235.780029,Not Formed,RVCA,20,1232.73,35.73822,1.070381,2CC
1327,Embobut,Lake Baringo-Bogoria,178.1419983,Formed,RVCA,20,177.65,35.593547,1.220536,2CC
1328,Arror,Lake Baringo-Bogoria,292.1929932,Formed,RVCA,20,291.35,35.532634,1.082706,2CC
1329,Nabukut,Lake Baringo-Bogoria,238.4609985,Not Formed,RVCA,20,238.21,36.537318,1.29977,2D
1330,Gerau,Lake Baringo-Bogoria,275.5629883,Not Formed,RVCA,20,275.24,36.438852,1.223345,2D
1331,Locoom Kalonangi,Lake Baringo-Bogoria,328.7420044,Not Formed,RVCA,20,328.25,36.261855,1.270203,2D
1332,Nasurut,Lake Baringo-Bogoria,389.506012,Not Formed,RVCA,20,388.98,36.354075,1.147094,2D
1333,Kapedo,Lake Baringo-Bogoria,157.0039978,Not Formed,RVCA,20,156.71,36.057442,1.170553,2D
1334,Sukuta Kavetereng,Lake Baringo-Bogoria,259.0320129,Not Formed,RVCA,20,258.59,36.131155,1.230278,2D
1335,Orus Silali,Lake Baringo-Bogoria,131.5679932,Not Formed,RVCA,20,131.36,36.217649,0.972538,2D
1336,Amaya,Lake Baringo-Bogoria,201.2129974,Not Formed,RVCA,20,200.87,36.141421,1.061812,2D
1337,Orus Kajam Amuk,Lake Baringo-Bogoria,188.7350006,Not Formed,RVCA,20,188.45,36.259124,1.038767,2D
1338,Nginyang,Lake Baringo-Bogoria,124.2399979,Not Formed,RVCA,20,124,36.02985,1.047692,2D
1339,Loiyamarok,Lake Baringo-Bogoria,154.0420074,Not Formed,RVCA,20,153.77,36.106608,0.951849,2D
1340,Lukwalipit,Lake Baringo-Bogoria,118.1050034,Not Formed,RVCA,20,117.87,35.968984,1.120972,2D
1341,Cheptopokwa,Lake Baringo-Bogoria,255.5119934,Not Formed,RVCA,20,254.96,35.909818,1.044431,2D
1342,Tinka Laibor Nkare,Lake Baringo-Bogoria,246.1439972,Not Formed,RVCA,20,245.88,36.535641,1.024079,2D
1343,Merkesi,Lake Baringo-Bogoria,267.6140137,Not Formed,RVCA,20,267.29,36.426986,1.007625,2D
1344,Amaya Langarbe,Lake Baringo-Bogoria,356.4660034,Not Formed,RVCA,20,356.04,36.43482,0.840507,2D
1345,Komol Amuruth,Lake Baringo-Bogoria,179.6150055,Not Formed,RVCA,20,179.35,36.271976,0.887813,2D
1346,Tangulbei,Lake Baringo-Bogoria,1388.97998,Not Formed,RVCA,20,1386.99,36.291675,0.618693,2EJ
1347,Komol Adome Yantilam,Lake Baringo-Bogoria,196.9369965,Not Formed,RVCA,20,196.6,36.141423,0.825017,2D
1348,Korosi Chebungus,Lake Baringo-Bogoria,191.4750061,Not Formed,RVCA,20,191.11,36.036559,0.837643,2D
1349,Barasuswa,Lake Baringo-Bogoria,202.3190002,Not Formed,RVCA,20,201.9,35.935264,0.881993,2D
1350,Yatya,Lake Baringo-Bogoria,122.4759979,Not Formed,RVCA,20,122.21,35.894131,0.802076,2D
1351,Sopilo,Lake Baringo-Bogoria,169.7230072,Not Formed,RVCA,20,169.35,35.887548,0.694274,2D
1352,Bartabwa,Lake Baringo-Bogoria,142.9299927,Not Formed,RVCA,20,142.62,35.901965,0.911493,2D
1353,Beregei-Ainob Kimotoi,Lake Baringo-Bogoria,363.8340149,Formed,RVCA,20,362.93,35.70524,0.694974,2CB
1354,Emsoo,Lake Baringo-Bogoria,439.2189941,Formed,RVCA,20,438.08,35.673174,0.833658,2CB
1355,Ngaratuko,Lake Baringo-Bogoria,143.7120056,Not Formed,RVCA,20,143.42,35.966289,0.685931,2D
1356,Kathiorin,Lake Baringo-Bogoria,183.701004,Not Formed,RVCA,20,183.34,35.999931,0.652685,2D
1357,Rongai,Lake Baringo-Bogoria,1273.869995,Formed,RVCA,20,1271.02,35.85927,-0.189506,2EG1
1358,Olarabel River,Lake Baringo-Bogoria,512.4439697,Formed,RVCA,20,511.66,36.236885,0.341403,2EK
1359,L. Baringo,Lake Baringo-Bogoria,257.3500061,Not Formed,RVCA,20,256.89,36.092452,0.614238, 
1360,Molo River,Lake Baringo-Bogoria,747.9959717,Formed,RVCA,20,746.49,35.981448,0.218924,2EG2
1361,Endao,Lake Baringo-Bogoria,468.7269897,Formed,RVCA,20,467.71,35.90348,0.525951,2EH
1362,Kamnarok,Lake Baringo-Bogoria,454.5639954,Not Formed,RVCA,20,453.35,35.634895,0.567269,2CB
1363,Turukwei,Lake Baringo-Bogoria,119.4400024,Formed,RVCA,20,119.13,35.686897,0.410186,2CB
1364,Mbara-Kaptich,Lake Baringo-Bogoria,197.1519928,Formed,RVCA,20,196.63,35.656501,0.457387,2CB
1365,Kong'asis,Lake Baringo-Bogoria,275.1919861,Formed,RVCA,20,274.52,35.745491,0.293992,2CB
1366,Chemususu Basin,Lake Baringo-Bogoria,251.3529968,Formed,RVCA,20,250.77,35.792738,0.209203,2EE
1367,Lower Perkerra,Lake Baringo-Bogoria,292.9670105,Formed,RVCA,20,292.33,35.889562,0.360809,2EE
1368,Eldama Ravin,Lake Baringo-Bogoria,405.2000122,Formed,RVCA,20,404.13,35.644387,0.042177,2ED
1369,Narosura,Lake Baringo-Bogoria,418.5830078,Formed,RVCA,20,417.61,35.799689,0.054406,2EF
1370,Loboi-Koitegan Basin,Lake Baringo-Bogoria,262.7359924,Formed,RVCA,20,262.24,36.029072,0.215942,2EG2
1371,Olbanita River,Lake Baringo-Bogoria,209.201004,Formed,RVCA,20,208.83,36.116737,-0.098652,2EA
1372,Lake Solai,Lake Baringo-Bogoria,417.3959961,Formed,RVCA,20,416.69,36.140245,0.030869,2EA
1373,Lake Bogoria Basin,Lake Baringo-Bogoria,757.1459961,Formed,RVCA,20,755.9,36.18498,0.147956,2EA
1374,Tambach,Lake Baringo-Bogoria,185.4049988,Not Formed,RVCA,20,184.88,35.548328,0.645017,2CB
1375,Sebit,Upper Turkwel,136.1660004,Not Formed,RVCA,20,135.72,35.35768,1.334895,2BA
