Shape_Leng,Shape_Area,ADM2_EN,ADM2_PCODE,ADM2_REF,ADM2ALT1EN,ADM2ALT2EN,ADM1_EN,ADM1_PCODE,ADM0_EN,ADM0_PCODE,date,validOn,ValidTo,County,SubCounty,panel_date,Year,Month,Population_Density_per_SqKm,Total_Population,total_abstraction_m3_per_day,wrua_count,Mean_NDVI,Rainfall_mm,Rainfall_Anomaly_mm,Rainfall_Anomaly_Percent,conflict_onset,conflict_persistence,conflict_severity_weighted,decayed_sentiment,dominant_topic_id,topic_diversity,conflict_persistence_lag3,conflict_severity_weighted_lag3,decayed_sentiment_lag3,topic_diversity_lag3,Mean_NDVI_lag3,Rainfall_mm_lag3,Rainfall_Anomaly_mm_lag3,Rainfall_Anomaly_Percent_lag3,risk_probability,risk_category
0.26712846559,0.00198642271,Dagoretti,KE047276,,,,Nairobi,KE047,Kenya,KE,2017-11-03,2019-10-31,,Nairobi,Dagoretti,2026-01-01,2026.0,1.0,14908.0,434208.0,20186.58,0.0,,,,,False,0.4245996256064778,0.2790673646378122,-0.0116165950100969,-1.0,0.5486502645629795,0.5748332281743317,0.3140477187379227,-0.0312579261102542,0.4972719287105374,0.4679630168499042,127.13734230821431,56.28312091352223,79.52848868868712,0.0025473842,Low
0.13008507965,0.00066490196,Embakasi Central,KE047284,,,,Nairobi,KE047,Kenya,KE,2017-11-03,2019-10-31,,Nairobi,Embakasi Central,,,,,,,,,,,,,,,,,,,,,,,,,,,
0.40526579202,0.00697580217,Embakasi East,KE047285,,,,Nairobi,KE047,Kenya,KE,2017-11-03,2019-10-31,,Nairobi,Embakasi East,,,,,,,,,,,,,,,,,,,,,,,,,,,
0.14345205782,0.00044118126,Embakasi North,KE047283,,,,Nairobi,KE047,Kenya,KE,2017-11-03,2019-10-31,,Nairobi,Embakasi North,,,,,,,,,,,,,,,,,,,,,,,,,,,
0.24343104778,0.0014260982,Embakasi South,KE047282,,,,Nairobi,KE047,Kenya,KE,2017-11-03,2019-10-31,,Nairobi,Embakasi South,,,,,,,,,,,,,,,,,,,,,,,,,,,
0.16804456513,0.00079316644,Embakasi West,KE047286,,,,Nairobi,KE047,Kenya,KE,2017-11-03,2019-10-31,,Nairobi,Embakasi West,,,,,,,,,,,,,,,,,,,,,,,,,,,
0.99312353053,0.01905620711,Gatundu North,KE022112,,,,Kiambu,KE022,Kenya,KE,2017-11-03,2019-10-31,,Kiambu,Gatundu North,2026-01-01,2026.0,1.0,384.0,109870.0,20.0,1.0,,,,,False,0.1738859805207038,0.2631230010757054,-0.2149184026222518,1.0,0.8170170936592251,0.1961028239310489,0.2961047714860775,-0.2144573409226306,0.8176415386505648,0.6495461506761733,205.69497064273483,64.61734873926352,46.74780782420841,0.0031090558,Low
0.93920627124,0.01801349252,Gatundu South,KE022111,,,,Kiambu,KE022,Kenya,KE,2017-11-03,2019-10-31,,Kiambu,Gatundu South,2026-01-01,2026.0,1.0,631.0,122103.0,94.0,4.0,,,,,False,0.4686046022729691,0.0889363962157237,-0.0250562133762663,0.0,0.8867352889768643,0.5559632642930379,0.1000843376314151,-0.0237663497537384,0.9180441711704486,0.6583015883107368,165.87939038424364,54.668312601590486,50.53835545635808,0.03441781,Low
0.7561573016,0.01405574,Githunguri,KE022116,,,,Kiambu,KE022,Kenya,KE,2017-11-03,2019-10-31,,Kiambu,Githunguri,2026-01-01,2026.0,1.0,948.0,165232.0,3462.5,1.0,,,,,False,2.8593252939877125,0.1043864245674727,-0.0652862974662565,0.0,1.3610491852832236,3.258120709778233,0.1487660383917465,-0.0731411077895923,1.3800660657680883,0.6036559534788771,138.7606639540673,49.13383341355427,55.21788667223765,0.057051606,Medium
1.13434656465,0.03034445234,Juja,KE022113,,,,Kiambu,KE022,Kenya,KE,2017-11-03,2019-10-31,,Kiambu,Juja,2026-01-01,2026.0,1.0,880.0,300948.0,1985.5,2.0,,,,,False,3.966438340044456,2.059517461049912,-0.1715058733666981,6.0,1.0066138024878666,3.5689863304254827,2.320517276873592,-0.1042286579376062,1.0879784026115422,0.4233639390580977,101.9044662660159,39.10652522057939,62.82313666983526,0.048120998,Low
0.38477073209,0.00456838149,Kabete,KE022119,,,,Kiambu,KE022,Kenya,KE,2017-11-03,2019-10-31,,Kiambu,Kabete,2026-01-01,2026.0,1.0,3289.0,199653.0,5780.5,1.0,,,,,False,0.3056840637897067,0.0,-0.3758557622028512,0.0,0.6151778271516357,0.3719673793966755,0.0,-0.3475967825558151,0.6519118261268508,0.6096882186820518,128.25670924495688,49.99504776226641,64.45447225714764,0.33458856,High
0.13990031386,0.00071813546,Kamukunji,KE047288,,,,Nairobi,KE047,Kenya,KE,2017-11-03,2019-10-31,,Nairobi,Kamukunji,2026-01-01,2026.0,1.0,25455.0,268276.0,11889.5,0.0,,,,,True,9.204247986487122,21.316326338653703,0.0342613786496636,-1.0,0.9849020679865996,5.914048580350593,13.509740544186611,-0.0350410635188145,0.9917735821070736,0.3393282379497343,92.81831377744676,43.993885931643575,90.10630103149316,0.9504514,High
0.61115990826,0.01389631944,Kangundo,KE016077,,,,Machakos,KE016,Kenya,KE,2017-11-03,2019-10-31,,Machakos,Kangundo,2026-01-01,2026.0,1.0,567.0,97917.0,2566.9,2.0,,,,,False,0.9782497325211692,1.520788581892008,-0.5599656150774419,0.0,0.2454089514671135,1.1008707422775077,1.7114153976611317,-0.559965615077442,0.2454089514671135,0.4785479181760857,130.81530686199156,57.38133703635259,78.27172059098818,0.051418934,Low
0.71271488354,0.01107360114,Kasarani,KE047280,,,,Nairobi,KE047,Kenya,KE,2017-11-03,2019-10-31,,Nairobi,Kasarani,2026-01-01,2026.0,1.0,9058.0,780656.0,26553.86,1.0,,,,,False,1.820925243896954,1.5852626010663349,-0.25927919610716,-1.0,1.2119712282851909,2.0491733943176027,1.7839710641606568,-0.25927919610716,1.2119712282851909,0.3472996185878999,95.99576092373093,45.56387272445688,90.7218399763884,0.06713677,Medium
0.89755125656,0.01674150417,Kathiani,KE016079,,,,Machakos,KE016,Kenya,KE,2017-11-03,2019-10-31,,Machakos,Kathiani,2026-01-01,2026.0,1.0,544.0,111890.0,6276.28,2.0,,,,,False,0.9554580274309922,1.3752083174223402,-0.1759965027113678,0.0,1.0464921399519516,1.1031062952202442,1.5475870331037094,-0.1822042934350246,1.065225799031074,0.4287347699091831,118.69848871382833,54.07650197759902,83.99032428824378,0.025978414,Low
0.5309979013,0.00720464174,Kiambaa,KE022118,,,,Kiambu,KE022,Kenya,KE,2017-11-03,2019-10-31,,Kiambu,Kiambaa,2026-01-01,2026.0,1.0,2595.0,236400.0,4059.5,1.0,,,,,False,0.3314690770748725,0.0012976549345584,-0.0923238390082086,0.0,0.315117012195395,0.3735791085829388,0.0018493495166029,-0.0914958357674237,0.3147716475499631,0.5986383931660539,136.67983586313974,50.55969745465584,59.61949040327861,0.17171545,Medium
0.5485880192,0.00796244669,Kiambu,KE022117,,,,Kiambu,KE022,Kenya,KE,2017-11-03,2019-10-31,,Kiambu,Kiambu,2026-01-01,2026.0,1.0,1484.0,145903.0,37445.12,2.0,,,,,False,6.305458074478142,4.182109885417115,-0.0068430506855247,6.0,1.4081419448712815,7.344642187102845,4.738010358343278,-0.017086454042574,1.4107756559181392,0.5817162148731592,114.61000141047016,43.74980249939793,62.11476783854442,0.089910746,Medium
0.2043871007,0.00100197843,Kibra,KE047278,,,,Nairobi,KE047,Kenya,KE,2017-11-03,2019-10-31,,Nairobi,Kibra,2026-01-01,2026.0,1.0,15311.0,185777.0,1325.5,0.0,,,,,False,0.1414622460888644,0.8259664103804849,-0.7402126677565235,2.0,0.6352161667235919,0.1592026677160579,0.9295390486073948,-0.7401549665819461,0.6353634624649245,0.3542647842827526,116.11471420053452,53.91704755707565,86.69386306815167,0.0016439345,Low
0.76676815118,0.01416414907,Kikuyu,KE022120,,,,Kiambu,KE022,Kenya,KE,2017-11-03,2019-10-31,,Kiambu,Kikuyu,2026-01-01,2026.0,1.0,1082.0,187122.0,8855.4,0.0,,,,,False,1.301247520563735,0.1846624965677953,0.0727008199196434,0.0,1.2758845946335404,1.4643554464951172,0.2078094508070897,0.0727008199196435,1.2758845946335404,0.5203926414930967,94.42446471705836,38.006698526108686,66.4775792523609,0.04000032,Low
0.22807873596,0.00238546351,Kilimani,KE047275,,,,Nairobi,KE047,Kenya,KE,2017-11-03,2019-10-31,,Nairobi,Kilimani,,,,,,,,,,,,,,,,,,,,,,,,,,,
0.87939198409,0.01704971567,Langata,KE047277,,,,Nairobi,KE047,Kenya,KE,2017-11-03,2019-10-31,,Nairobi,Langata,,,,,,,,,,,,,,,,,,,,,,,,,,,
1.41265132152,0.03785820758,Lari,KE022122,,,,Kiambu,KE022,Kenya,KE,2017-11-03,2019-10-31,,Kiambu,Lari,2026-01-01,2026.0,1.0,313.0,135303.0,2537.5,2.0,,,,,False,2.192569238592515,0.0684091742601864,-0.1883792845297268,0.0,0.8270365129637411,2.4674019781875467,0.0769840828397805,-0.1883792845297268,0.827036512963741,0.7167975516915623,171.8051835884439,52.90608609631475,45.96791359269623,0.227793,High
0.94744375138,0.02315537542,Limuru,KE022121,,,,Kiambu,KE022,Kenya,KE,2017-11-03,2019-10-31,,Kiambu,Limuru,2026-01-01,2026.0,1.0,559.0,159314.0,10992.3,0.0,,,,,False,2.0504305353463863,0.9608017300276864,-0.0330791179918123,0.0,0.9815037486084304,2.307576981175804,1.08123567894173,-0.0330695453080881,0.981561792484051,0.5466413907545012,112.6078561245172,41.2271724046435,60.35624592200786,0.56995577,High
0.17344335463,0.00097490848,Makadara,KE047287,,,,Nairobi,KE047,Kenya,KE,2017-11-03,2019-10-31,,Nairobi,Makadara,2026-01-01,2026.0,1.0,16150.0,189536.0,10814.4,0.0,,,,,False,0.8712756511051718,0.0249885789767118,-0.091104750595732,-1.0,0.4110595274502928,1.0729227776392434,0.0281208310854241,-0.0920871584520354,0.3862857416141962,0.2861721589409355,95.11205376926652,44.91515121401144,89.54109284609541,0.21697631,Medium
2.4649521207,0.11427469357,Masinga,KE016075,,,,Machakos,KE016,Kenya,KE,2017-11-03,2019-10-31,,Machakos,Masinga,2026-01-01,2026.0,1.0,106.0,148522.0,40.0,7.0,,,,,False,0.5260742850165047,0.3593427795332194,-0.4420532009836139,0.0,0.6549830067487159,0.6462448479198796,0.5012949791613821,-0.4278841694334891,0.682811614058083,0.3146256059141112,123.19169945741623,50.71002499052791,70.70569570913001,0.27581462,High
0.10871641638,0.00023588431,Mathare,KE047290,,,,Nairobi,KE047,Kenya,KE,2017-11-03,2019-10-31,,Nairobi,Mathare,2026-01-01,2026.0,1.0,68941.0,206564.0,367.0,0.0,,,,,False,10.963496295475528,31.04036696306546,-0.2927942922964604,-1.0,1.1361209656610545,13.78407128798488,39.47811399466109,-0.2957528048870338,1.122211466462668,0.3076832675346494,96.36508432030678,44.51627410846678,86.23428082475097,0.3173828,High
1.12231372516,0.04724498794,Matungulu,KE016078,,,,Machakos,KE016,Kenya,KE,2017-11-03,2019-10-31,,Machakos,Matungulu,2026-01-01,2026.0,1.0,278.0,161557.0,10898.0,5.0,,,,,False,2.048971548715428,0.1882421102920465,-0.4040837621810071,0.0,0.0196077154078892,2.305804698690306,0.2118377596189174,-0.4040837621810071,0.0196077154078892,0.3456929274851206,113.1805764593676,47.77053218442722,73.67079656199866,0.40726784,High
1.5985774976,0.06847195116,Mavoko,KE016080,,,,Machakos,KE016,Kenya,KE,2017-11-03,2019-10-31,,Machakos,Mavoko,,,,,,,,,,,,,,,,,,,,,,,,,,,
1.89279324291,0.08279629435,Mwala,KE016082,,,,Machakos,KE016,Kenya,KE,2017-11-03,2019-10-31,,Machakos,Mwala,2026-01-01,2026.0,1.0,178.0,181896.0,4660.5,8.0,,,,,False,1.425600609658485,0.7116540248519236,-0.2653523874915339,0.0,1.0041983307150175,1.604295865536607,0.8008579696356416,-0.265352387491534,1.0041983307150175,0.3627759748571639,108.15000079666189,50.74496779712901,89.23732984459473,0.10261232,Medium
0.37802350297,0.00390887982,Roysambu,KE047279,,,,Nairobi,KE047,Kenya,KE,2017-11-03,2019-10-31,,Nairobi,Roysambu,,,,,,,,,,,,,,,,,,,,,,,,,,,
0.16080478356,0.00058341683,Ruaraka,KE047281,,,,Nairobi,KE047,Kenya,KE,2017-11-03,2019-10-31,,Nairobi,Ruaraka,,,,,,,,,,,,,,,,,,,,,,,,,,,
0.78118084034,0.01244212807,Ruiru,KE022115,,,,Kiambu,KE022,Kenya,KE,2017-11-03,2019-10-31,,Kiambu,Ruiru,2026-01-01,2026.0,1.0,1846.0,371111.0,24293.998,0.0,,,,,False,3.49761191831731,0.7137729847517369,-0.1279980130681988,0.0,1.2435668310206291,3.156851998105644,0.8032425355396379,-0.1201324969401698,1.3273681987909185,0.3210828530955787,91.83695017166283,39.85818115854376,77.10643687941781,0.25461555,High
0.20073293723,0.0013681379,Starehe,KE047289,,,,Nairobi,KE047,Kenya,KE,2017-11-03,2019-10-31,,Nairobi,Starehe,2026-01-01,2026.0,1.0,10205.0,210423.0,10464.1,1.0,,,,,False,5.799940924644876,5.079320134923447,-0.2336041352724352,-1.0,0.9425313133147468,4.7010558659092005,6.127831739670285,-0.1617439575632045,1.0684572232090053,0.2761825526254911,100.820090261034,47.19561668948755,88.11760831525656,0.09818502,Medium
1.13599233032,0.01780330315,Thika Town,KE022114,,,,Kiambu,KE022,Kenya,KE,2017-11-03,2019-10-31,,Kiambu,Thika Town,,,,,,,,,,,,,,,,,,,,,,,,,,,
0.40529793634,0.00590790301,Westlands,KE047274,,,,Nairobi,KE047,Kenya,KE,2017-11-03,2019-10-31,,Nairobi,Westlands,2026-01-01,2026.0,1.0,3167.0,308854.0,56620.9501,1.0,,,,,False,9.32270829183872,1.095037500819466,-0.1547592059618118,-1.0,1.236440517528217,10.061517533249452,1.289719669923001,-0.1671602469213684,1.289322427999611,0.5577083745706076,117.4674580772451,50.6649777952093,76.13399309579572,0.09413886,Medium
1.73773074427,0.08621090285,Yatta,KE016076,,,,Machakos,KE016,Kenya,KE,2017-11-03,2019-10-31,,Machakos,Yatta,2026-01-01,2026.0,1.0,162.0,172583.0,200.0,5.0,,,,,False,1.8241165942914808,0.5314057403233148,-0.2877945980194829,0.0,0.5880595215826103,2.080623913575077,0.7456240070415687,-0.2839410854300985,0.5985179663063507,0.3305792300041631,112.66929808765136,53.052515723140445,90.34121805744816,0.18972914,Medium
1.85131698967,0.06152705193,Machakos Town,KE016081,,,,Machakos,KE016,Kenya,KE,2017-11-03,2019-10-31,,Machakos,Machakos Town,,,,,,,,,,,,,,,,,,,,,,,,,,,
5.08945430554,0.79286376775,Loima,KE023126,,,,Turkana,KE023,Kenya,KE,2017-11-03,2019-10-31,,Turkana,Loima,2026-01-01,2026.0,1.0,12.0,107795.0,3419.0088,6.0,,,,,True,1.903458828131408,2.5751464181064723,-0.2511395025865202,0.0,0.3838504822778185,2.1684493270519862,2.8979341925992186,-0.2480823294287904,0.3808434811687489,0.3133121101490282,96.75070911669008,67.26558481947195,251.26040358566257,0.56378776,High
4.39536355883,0.53828150121,Turkana Central,KE023125,,,,Turkana,KE023,Kenya,KE,2017-11-03,2019-10-31,,Turkana,Turkana Central,2026-01-01,2026.0,1.0,29.0,185305.0,6325.5106,9.0,,,,,True,8.909276885283088,9.131900354880422,-0.2721637506389726,0.0,0.2576985128179443,8.075187036461779,8.696797016486578,-0.1241331529149982,0.3009279389683862,0.1565990302249022,47.09256601508767,29.99146619223214,14.04205711976093,0.05085302,Low
6.8861476946,0.9090874635,Turkana East,KE023128,,,,Turkana,KE023,Kenya,KE,2017-11-03,2019-10-31,,Turkana,Turkana East,2026-01-01,2026.0,1.0,12.0,138526.0,646.0,22.0,,,,,False,0.4359947872332468,0.706405799792176,-0.4508473120755051,0.0,0.0,0.4906909817447128,0.7952266092603999,-0.4508480479459433,0.0,0.2460160505329041,20.41975100435441,12.00842884235992,340.2028989496661,0.0146055175,Low
6.8348606599,1.66897152383,Turkana North,KE023123,,,,Turkana,KE023,Kenya,KE,2017-11-03,2019-10-31,,Turkana,Turkana North,2026-01-01,2026.0,1.0,9.0,65218.0,2016.0,11.0,,,,,True,1.8934070805050536,7.318751134663917,-0.3533180381335235,0.0,0.0,2.220090205870864,8.981386594922489,-0.3721968293229948,0.0,0.3694268238677231,86.21565646236951,53.32058986633159,267.69991108026727,0.013358341,Low
5.35356810978,0.60328553994,Turkana South,KE023127,,,,Turkana,KE023,Kenya,KE,2017-11-03,2019-10-31,,Turkana,Turkana South,2026-01-01,2026.0,1.0,22.0,153736.0,4525.0,9.0,,,,,False,8.285171185069858,9.031151395457432,-0.1321282367140504,0.0,0.5897391414568224,8.948809886498044,10.88868187816574,-0.2435216475999326,0.6317943698457449,0.2308053121742548,42.65705517113762,30.08402637593096,355.6649523461637,0.115918614,Medium
6.40098727778,1.19593592043,Turkana West,KE023124,,,,Turkana,KE023,Kenya,KE,2017-11-03,2019-10-31,,Turkana,Turkana West,2026-01-01,2026.0,1.0,14.0,239627.0,1105.0,6.0,,,,,False,4.819615879576339,5.937091708388614,-0.4438202168276726,0.0,0.3439238290444958,3.773577333720768,2.7769057374609307,-0.3928745095883739,0.4728581579101975,0.4974086971064109,109.39694873828742,75.72430620986617,306.5268854744424,0.60869074,High
