Shape_Leng,Shape_Area,ADM2_EN,ADM2_PCODE,ADM2_REF,ADM2ALT1EN,ADM2ALT2EN,ADM1_EN,ADM1_PCODE,ADM0_EN,ADM0_PCODE,date,validOn,ValidTo,County,SubCounty,panel_date,Year,Month,Population_Density_per_SqKm,Total_Population,total_abstraction_m3_per_day,wrua_count,Mean_NDVI,Rainfall_mm,Rainfall_Anomaly_mm,Rainfall_Anomaly_Percent,conflict_onset,conflict_persistence,conflict_severity_weighted,decayed_sentiment,dominant_topic_id,topic_diversity,conflict_persistence_lag1,conflict_severity_weighted_lag1,decayed_sentiment_lag1,topic_diversity_lag1,Mean_NDVI_lag1,Rainfall_mm_lag1,Rainfall_Anomaly_mm_lag1,Rainfall_Anomaly_Percent_lag1,risk_probability,risk_category
0.26712846559,0.00198642271,Dagoretti,KE047276,,,,Nairobi,KE047,Kenya,KE,2017-11-03,2019-10-31,,Nairobi,Dagoretti,2026-01-01,2026.0,1.0,14908.0,434208.0,20186.58,0.0,,,,,False,0.4245996256064778,0.2790673646378122,-0.4080478251342931,1.0,5.649103028921416e-05,0.469728570653259,0.2903958480730637,-0.4311083679084974,5.337977208264457e-05,0.4811367456381453,152.60436147620322,37.23047854100211,32.31865989317528,0.39426264,Low
0.13008507965,0.00066490196,Embakasi Central,KE047284,,,,Nairobi,KE047,Kenya,KE,2017-11-03,2019-10-31,,Nairobi,Embakasi Central,,,,,,,,,,,,,,,,,,,,,,,,,,,
0.40526579202,0.00697580217,Embakasi East,KE047285,,,,Nairobi,KE047,Kenya,KE,2017-11-03,2019-10-31,,Nairobi,Embakasi East,,,,,,,,,,,,,,,,,,,,,,,,,,,
0.14345205782,0.00044118126,Embakasi North,KE047283,,,,Nairobi,KE047,Kenya,KE,2017-11-03,2019-10-31,,Nairobi,Embakasi North,,,,,,,,,,,,,,,,,,,,,,,,,,,
0.24343104778,0.0014260982,Embakasi South,KE047282,,,,Nairobi,KE047,Kenya,KE,2017-11-03,2019-10-31,,Nairobi,Embakasi South,,,,,,,,,,,,,,,,,,,,,,,,,,,
0.16804456513,0.00079316644,Embakasi West,KE047286,,,,Nairobi,KE047,Kenya,KE,2017-11-03,2019-10-31,,Nairobi,Embakasi West,,,,,,,,,,,,,,,,,,,,,,,,,,,
0.99312353053,0.01905620711,Gatundu North,KE022112,,,,Kiambu,KE022,Kenya,KE,2017-11-03,2019-10-31,,Kiambu,Gatundu North,2026-01-01,2026.0,1.0,384.0,109870.0,20.0,1.0,,,,,False,0.1589343082939975,0.2345397792152501,-0.5166001531095449,-1.0,0.7003542850318735,0.1655070596490342,0.2440607062043154,-0.516814783990719,0.7004264640582848,0.7865067543524563,118.29383562374946,24.482143622128884,25.983489444716408,0.75105655,High
0.93920627124,0.01801349252,Gatundu South,KE022111,,,,Kiambu,KE022,Kenya,KE,2017-11-03,2019-10-31,,Kiambu,Gatundu South,2026-01-01,2026.0,1.0,631.0,122103.0,94.0,4.0,,,,,False,0.4622963796697351,0.0889363962157237,-0.1338129135092009,6.0,1.206096173812759,0.4892918090395057,0.092546687561071,-0.1353683656132145,1.2118065482705125,0.7705794488073127,118.2762750296466,26.292157484547023,28.56753064051,0.5736945,Medium
0.7561573016,0.01405574,Githunguri,KE022116,,,,Kiambu,KE022,Kenya,KE,2017-11-03,2019-10-31,,Kiambu,Githunguri,2026-01-01,2026.0,1.0,948.0,165232.0,3462.5,1.0,,,,,False,2.789667381798256,0.0,-0.1485642898501458,-1.0,1.354190663273057,2.91024251300653,0.0,-0.1498790897272115,1.3594736789934925,0.7432738219887918,122.10371391180205,28.162034545142674,30.08854780859432,0.81350374,High
1.13434656465,0.03034445234,Juja,KE022113,,,,Kiambu,KE022,Kenya,KE,2017-11-03,2019-10-31,,Kiambu,Juja,2026-01-01,2026.0,1.0,880.0,300948.0,1985.5,2.0,,,,,False,3.912852028621664,2.035004795114285,-0.4767462450963305,2.0,1.68270517302512,4.144739257472738,2.11843187458655,-0.4787511533647134,1.67635713417002,0.5037036428928559,108.45084172538762,21.763012274668245,25.19752792349936,0.8386171,High
0.38477073209,0.00456838149,Kabete,KE022119,,,,Kiambu,KE022,Kenya,KE,2017-11-03,2019-10-31,,Kiambu,Kabete,2026-01-01,2026.0,1.0,3289.0,199653.0,5780.5,1.0,,,,,False,0.3056840637897067,0.0,-0.6454391060777956,-1.0,0.6368752451086083,0.3261340109199787,0.0,-0.6513061407744525,0.6310360617372271,0.6094461180124225,133.47993329778026,28.7658747039644,27.51226598731959,0.48533508,Low
0.13990031386,0.00071813546,Kamukunji,KE047288,,,,Nairobi,KE047,Kenya,KE,2017-11-03,2019-10-31,,Nairobi,Kamukunji,2026-01-01,2026.0,1.0,25455.0,268276.0,11889.5,0.0,,,,,True,8.315633460773283,21.316326338653703,-0.1386631600048355,-1.0,0.6669818550276014,4.507344124138201,12.419276963332347,-0.2116097131754026,0.9646843192048804,0.3506150136262281,140.4849853515625,44.0246315097267,45.64013064052517,0.6263001,Medium
0.61115990826,0.01389631944,Kangundo,KE016077,,,,Machakos,KE016,Kenya,KE,2017-11-03,2019-10-31,,Machakos,Kangundo,2026-01-01,2026.0,1.0,567.0,97917.0,2566.9,2.0,,,,,False,0.9782497325211692,1.520788581892008,-0.6426988263723873,4.0,1.0763284440168446,1.0179608822100197,1.5825235980263477,-0.6426988263723873,1.0763284440168448,0.6178269457093118,166.70483517551696,55.35542157095074,49.96086715516171,0.49710035,Low
0.71271488354,0.01107360114,Kasarani,KE047280,,,,Nairobi,KE047,Kenya,KE,2017-11-03,2019-10-31,,Nairobi,Kasarani,2026-01-01,2026.0,1.0,9058.0,780656.0,26553.86,1.0,,,,,False,1.820925243896954,1.5852626010663349,-0.3069097739128748,1.0,1.5346589401777275,1.8948440322478963,1.649614880810729,-0.3069097739128748,1.5346589401777275,0.3862169873982158,128.7823516066357,40.5911745108283,45.95146006425755,0.70182997,Medium
0.89755125656,0.01674150417,Kathiani,KE016079,,,,Machakos,KE016,Kenya,KE,2017-11-03,2019-10-31,,Machakos,Kathiani,2026-01-01,2026.0,1.0,544.0,111890.0,6276.28,2.0,,,,,False,0.945384821896308,1.3752083174223402,-0.6880390555726232,1.0,1.153984663656019,0.9917791160719276,1.4310336363884546,-0.6892006585469654,1.162720533807472,0.5614052181331378,164.96910559417282,52.44680547512602,46.64125538781888,0.5293573,Medium
0.5309979013,0.00720464174,Kiambaa,KE022118,,,,Kiambu,KE022,Kenya,KE,2017-11-03,2019-10-31,,Kiambu,Kiambaa,2026-01-01,2026.0,1.0,2595.0,236400.0,4059.5,1.0,,,,,False,0.3278662794436774,0.0012976549345584,-0.1384081683804436,-1.0,0.2927254045696185,0.3413370843520352,0.0014621882086904,-0.1388122893140147,0.2950101779555499,0.6936022377547488,126.80570779241908,29.50322325846872,30.38490330934996,0.73793083,High
0.5485880192,0.00796244669,Kiambu,KE022117,,,,Kiambu,KE022,Kenya,KE,2017-11-03,2019-10-31,,Kiambu,Kiambu,2026-01-01,2026.0,1.0,1484.0,145903.0,37445.12,2.0,,,,,False,6.255924799741562,4.148251005196544,-0.4302102036129832,-1.0,1.3323648494636708,6.581416813777382,4.325755275805928,-0.4336516698589195,1.328423263214327,0.6369037218923155,115.69641517790237,29.32716265497553,33.979433100129164,0.84319025,High
0.2043871007,0.00100197843,Kibra,KE047278,,,,Nairobi,KE047,Kenya,KE,2017-11-03,2019-10-31,,Nairobi,Kibra,2026-01-01,2026.0,1.0,15311.0,185777.0,1325.5,0.0,,,,,False,0.1411165356345699,0.825966410380485,-0.8860312293877516,1.0,0.60557373610038,0.1468474769688909,0.8595072417343655,-0.8860034221528158,0.605623570375587,0.3829736943429758,143.83584428211998,40.59425369938796,39.43586192632279,0.45262325,Low
0.76676815118,0.01416414907,Kikuyu,KE022120,,,,Kiambu,KE022,Kenya,KE,2017-11-03,2019-10-31,,Kiambu,Kikuyu,2026-01-01,2026.0,1.0,1082.0,187122.0,8855.4,0.0,,,,,False,1.3010878886155344,0.1845518481329727,-0.0450754302330213,-1.0,1.2027626371394582,1.3539043568296405,0.1920435609573397,-0.0450754302330212,1.2027626371394582,0.537670001340705,131.9814964995853,25.12830788068436,23.482642235592024,0.6130685,Medium
0.22807873596,0.00238546351,Kilimani,KE047275,,,,Nairobi,KE047,Kenya,KE,2017-11-03,2019-10-31,,Nairobi,Kilimani,,,,,,,,,,,,,,,,,,,,,,,,,,,
0.87939198409,0.01704971567,Langata,KE047277,,,,Nairobi,KE047,Kenya,KE,2017-11-03,2019-10-31,,Nairobi,Langata,,,,,,,,,,,,,,,,,,,,,,,,,,,
1.41265132152,0.03785820758,Lari,KE022122,,,,Kiambu,KE022,Kenya,KE,2017-11-03,2019-10-31,,Kiambu,Lari,2026-01-01,2026.0,1.0,313.0,135303.0,2537.5,2.0,,,,,False,2.192548501220648,0.0684091742601864,-0.2893176101234957,-1.0,0.7717387478246349,2.281552994488069,0.0711861818777971,-0.2893176101234958,0.7717387478246351,0.7923226524569307,128.2681224708668,27.982181263321763,27.9249099644801,0.77503395,High
0.94744375138,0.02315537542,Limuru,KE022121,,,,Kiambu,KE022,Kenya,KE,2017-11-03,2019-10-31,,Kiambu,Limuru,2026-01-01,2026.0,1.0,559.0,159314.0,10992.3,0.0,,,,,False,2.045442656611326,0.9528542659138656,-0.3204171791162975,-1.0,0.9152464236013828,2.128513020406199,0.9915345099532332,-0.3204278227799068,0.9152372054008372,0.6122470412232326,131.3010713010415,26.141981738835405,24.819115168141224,0.55581576,Medium
0.17344335463,0.00097490848,Makadara,KE047287,,,,Nairobi,KE047,Kenya,KE,2017-11-03,2019-10-31,,Nairobi,Makadara,2026-01-01,2026.0,1.0,16150.0,189536.0,10814.4,0.0,,,,,False,0.8712756511051718,0.0249885789767118,0.1187423367372828,-1.0,0.6805407280087621,0.9332212670495682,0.0260029673967284,0.1013343000227783,0.6853429996288872,0.2909455970437147,140.35739737290604,44.28631343201626,46.105143864356414,0.21813115,Low
2.4649521207,0.11427469357,Masinga,KE016075,,,,Machakos,KE016,Kenya,KE,2017-11-03,2019-10-31,,Machakos,Masinga,2026-01-01,2026.0,1.0,106.0,148522.0,40.0,7.0,,,,,False,0.5077448609259676,0.3232472588813658,-0.881954516017753,-1.0,0.0,0.5439481241141033,0.3642326768392159,-0.8805761734771124,0.0,0.4959460565545507,119.3899988865588,32.12726039270677,36.206847436312295,0.22255124,Low
0.10871641638,0.00023588431,Mathare,KE047290,,,,Nairobi,KE047,Kenya,KE,2017-11-03,2019-10-31,,Nairobi,Mathare,2026-01-01,2026.0,1.0,68941.0,206564.0,367.0,0.0,,,,,False,10.540883777176626,31.04036696306546,-0.7128763841859583,1.0,1.0850639124204229,11.384630957814522,33.60775535399371,-0.7071074680097981,1.090251512508391,0.3280592524149517,134.51513767242432,41.892314450307325,45.19843216872164,0.17733358,Low
1.12231372516,0.04724498794,Matungulu,KE016078,,,,Machakos,KE016,Kenya,KE,2017-11-03,2019-10-31,,Machakos,Matungulu,2026-01-01,2026.0,1.0,278.0,161557.0,10898.0,5.0,,,,,False,2.007789821552254,0.1882421102920465,-0.7539660746504495,6.0,0.4257916929562473,2.089294205859036,0.1958836259204607,-0.7539660746504495,0.4257916929562474,0.5240136049914859,149.8638468014087,48.68493143351967,48.30275960306728,0.49555948,Low
1.5985774976,0.06847195116,Mavoko,KE016080,,,,Machakos,KE016,Kenya,KE,2017-11-03,2019-10-31,,Machakos,Mavoko,,,,,,,,,,,,,,,,,,,,,,,,,,,
1.89279324291,0.08279629435,Mwala,KE016082,,,,Machakos,KE016,Kenya,KE,2017-11-03,2019-10-31,,Machakos,Mwala,2026-01-01,2026.0,1.0,178.0,181896.0,4660.5,8.0,,,,,False,1.425600609658485,0.7116540248519236,-0.69823335764807,6.0,1.50673763700646,1.4834715574590651,0.7405429665690185,-0.6982333576480702,1.50673763700646,0.490549777512016,176.45494344034302,66.13417009827337,60.27153659656115,0.52705795,Medium
0.37802350297,0.00390887982,Roysambu,KE047279,,,,Nairobi,KE047,Kenya,KE,2017-11-03,2019-10-31,,Nairobi,Roysambu,,,,,,,,,,,,,,,,,,,,,,,,,,,
0.16080478356,0.00058341683,Ruaraka,KE047281,,,,Nairobi,KE047,Kenya,KE,2017-11-03,2019-10-31,,Nairobi,Ruaraka,,,,,,,,,,,,,,,,,,,,,,,,,,,
0.78118084034,0.01244212807,Ruiru,KE022115,,,,Kiambu,KE022,Kenya,KE,2017-11-03,2019-10-31,,Kiambu,Ruiru,2026-01-01,2026.0,1.0,1846.0,371111.0,24293.998,0.0,,,,,False,3.49761191831731,0.7137729847517369,-0.4711149504359654,2.0,1.5291901884306862,3.742045957386865,0.7427479437003919,-0.4661810889995544,1.5245651242201963,0.3828470106233129,115.65050807899355,30.237049944996,35.40706592513476,0.7771578,High
0.20073293723,0.0013681379,Starehe,KE047289,,,,Nairobi,KE047,Kenya,KE,2017-11-03,2019-10-31,,Nairobi,Starehe,2026-01-01,2026.0,1.0,10205.0,210423.0,10464.1,1.0,,,,,False,5.72437709161968,4.169148404808254,-0.5268786428943809,-1.0,1.0037969248804748,6.152566943394096,4.378401350546117,-0.5382133599920251,1.0014718485620566,0.3039619556731434,139.06607773087242,43.14739407593584,45.00300049753275,0.64278716,Medium
1.13599233032,0.01780330315,Thika Town,KE022114,,,,Kiambu,KE022,Kenya,KE,2017-11-03,2019-10-31,,Kiambu,Thika Town,,,,,,,,,,,,,,,,,,,,,,,,,,,
0.40529793634,0.00590790301,Westlands,KE047274,,,,Nairobi,KE047,Kenya,KE,2017-11-03,2019-10-31,,Nairobi,Westlands,2026-01-01,2026.0,1.0,3167.0,308854.0,56620.9501,1.0,,,,,False,9.126022992430157,1.095037500819466,-0.314910930777133,-1.0,0.9991175411323108,8.666513906352275,1.1559995885062695,-0.346196908901693,1.0372182286068308,0.6033088893390202,129.27994039394713,34.943037222064866,37.177850046558845,0.65843326,Medium
1.73773074427,0.08621090285,Yatta,KE016076,,,,Machakos,KE016,Kenya,KE,2017-11-03,2019-10-31,,Machakos,Yatta,2026-01-01,2026.0,1.0,162.0,172583.0,200.0,5.0,,,,,False,1.8183606862472497,0.5314057403233148,-0.7573232983668355,6.0,0.6970657831964566,1.9001854471490924,0.5954180064812529,-0.7545637866784344,0.6997750302106183,0.5135568105777204,158.48160093669816,58.26375058983309,58.47615591252272,0.5096178,Low
1.85131698967,0.06152705193,Machakos Town,KE016081,,,,Machakos,KE016,Kenya,KE,2017-11-03,2019-10-31,,Machakos,Machakos Town,,,,,,,,,,,,,,,,,,,,,,,,,,,
5.08945430554,0.79286376775,Loima,KE023126,,,,Turkana,KE023,Kenya,KE,2017-11-03,2019-10-31,,Turkana,Loima,2026-01-01,2026.0,1.0,12.0,107795.0,3419.0088,6.0,,,,,True,1.7775787149179043,2.192177053200267,-0.1861382104249205,-1.0,1.207758972236265,1.857327568253728,2.2811664678940584,-0.1890467132401678,1.2077045440971348,0.2614502818399065,15.985952386846847,2.962777409981972,22.78464361390981,0.5088717,Low
4.39536355883,0.53828150121,Turkana Central,KE023125,,,,Turkana,KE023,Kenya,KE,2017-11-03,2019-10-31,,Turkana,Turkana Central,2026-01-01,2026.0,1.0,29.0,185305.0,6325.5106,9.0,,,,,True,8.118566851107019,8.376368493306167,-0.5012944532457765,0.0,1.0475445288312812,7.508185476632398,8.867789528109359,-0.4424068803581955,1.1169964848737923,0.1387530780332609,28.45868462027512,9.839056485501864,54.01382333904623,0.8026358,High
6.8861476946,0.9090874635,Turkana East,KE023128,,,,Turkana,KE023,Kenya,KE,2017-11-03,2019-10-31,,Turkana,Turkana East,2026-01-01,2026.0,1.0,12.0,138526.0,646.0,22.0,,,,,False,0.5008859828935648,2.50314572888186,-0.9300316498266435,0.0,0.0,0.5335829946481363,2.6097852741166405,-0.9313361886280116,0.0,0.2298270487232404,45.50287646101978,13.30663793741293,42.8834744865175,0.2833127,Low
6.8348606599,1.66897152383,Turkana North,KE023123,,,,Turkana,KE023,Kenya,KE,2017-11-03,2019-10-31,,Turkana,Turkana North,2026-01-01,2026.0,1.0,9.0,65218.0,2016.0,11.0,,,,,True,3.115246165149634,11.22396149387061,-0.5781281930328943,0.0,0.505503200030698,3.3680474879691005,12.231375525298942,-0.5910594602050324,0.492391091192523,0.2596906862570183,61.587780067133366,32.013846799331915,107.42532927766976,0.609941,Medium
5.35356810978,0.60328553994,Turkana South,KE023127,,,,Turkana,KE023,Kenya,KE,2017-11-03,2019-10-31,,Turkana,Turkana South,2026-01-01,2026.0,1.0,22.0,153736.0,4525.0,9.0,,,,,False,7.783394420891444,11.810076236115636,-0.5079443552461986,0.0,0.4084081411952632,8.259217644324128,12.59098026957248,-0.5152125224069461,0.4024086570204235,0.221087160433874,24.88576723561698,7.008461517476834,40.86665320478345,0.75633633,High
6.40098727778,1.19593592043,Turkana West,KE023124,,,,Turkana,KE023,Kenya,KE,2017-11-03,2019-10-31,,Turkana,Turkana West,2026-01-01,2026.0,1.0,14.0,239627.0,1105.0,6.0,,,,,False,4.813859971532107,5.929112325523772,-0.4815740897238655,6.0,1.1864319804703936,5.169531034880884,6.523358111454473,-0.4834375263464969,1.183063546338084,0.3612958642807217,45.2888388683453,19.64822730543751,74.35434887090956,0.7684275,High
